prov_name,指标,地区生产总值(亿元),第一产业增加值(亿元),第二产业增加值(亿元),第三产业增加值(亿元),农林牧渔业增加值(亿元),工业增加值(亿元),建筑业增加值(亿元),批发和零售业增加值(亿元),批发和零售贸易餐饮业增加值(亿元),交通运输、仓储和邮政业增加值(亿元),交通运输、仓储和邮电通信业增加值(亿元),住宿和餐饮业增加值(亿元),金融业增加值(亿元),房地产业增加值(亿元),其他行业增加值(亿元),人均地区生产总值(元/人)
北京市,2016,25669.13,129.79,4944.44,20594.9,132.2,4026.68,1025.5,2372.89,NA,1060.97,NA,399.35,4270.82,1672.68,10708.04,118198
北京市,2015,23014.59,140.21,4542.64,18331.74,142.6,3710.88,961.86,2352.34,NA,983.87,NA,397.59,3926.28,1438.43,9100.73,106497
北京市,2014,21330.83,158.99,4544.8,16627.04,161.32,3746.77,902.66,2411.14,NA,948.1,NA,363.76,3357.71,1329.2,8110.18,99995
北京市,2013,19800.81,159.64,4292.56,15348.61,161.83,3566.43,831.55,2340.74,NA,871.76,NA,374.75,2943.13,1339.52,7371.1,94648
北京市,2012,17879.4,150.2,4059.27,13669.93,150.2,3294.32,764.95,2229.77,NA,816.31,NA,373.06,2536.91,1244.17,6469.71,87475
北京市,2011,16251.93,136.27,3752.48,12363.18,136.27,3048.79,703.69,2139.65,NA,808.95,NA,348.42,2215.41,1074.93,5775.82,81658
北京市,2010,14113.58,124.36,3388.38,10600.84,124.36,2763.99,624.39,1888.51,NA,712.01,NA,317.34,1863.61,1006.52,4812.85,73856
北京市,2009,12153.03,118.29,2855.55,9179.19,118.29,2303.08,552.47,1525.03,NA,556.64,NA,262.51,1603.63,1062.47,4168.91,66940
北京市,2008,11115,112.83,2626.41,8375.76,112.83,2131.75,494.66,1426.72,NA,498.92,NA,274.43,1519.19,844.59,3811.91,64491
北京市,2007,9846.81,101.26,2509.4,7236.15,101.26,2082.76,426.64,1098.23,NA,497.55,NA,244.96,1302.77,821.5,3271.14,60096
北京市,2006,8117.78,88.8,2191.43,5837.55,88.8,1821.86,369.57,871.96,NA,455.21,NA,218.39,982.37,658.3,2651.32,49505
北京市,2005,6969.52,88.68,2026.51,4854.33,88.68,1707.04,319.47,704.28,NA,403.32,NA,182.3,840.2,493.73,2230.5,45444
北京市,2004,6033.21,87.36,1853.58,4092.27,87.36,1554.73,298.85,587.7,NA,356.78,NA,163.3,713.79,436.11,1834.59,41099
北京市,2003,5007.21,84.11,1487.15,3435.95,84.11,1224.48,262.67,NA,567.09,NA,463.39,NA,635.56,341.88,1428.03,34892
北京市,2002,4315,82.44,1249.99,2982.57,82.44,1021.16,228.83,NA,509.68,NA,408.41,NA,561.91,298.02,1204.55,30840
北京市,2001,3707.96,80.78,1142.35,2484.83,80.78,938.81,203.54,NA,459.11,NA,360.89,NA,487.54,203.55,973.74,26998
北京市,2e3,3161.66,79.25,1033.29,2049.12,79.25,844.01,189.28,NA,406.38,NA,298.67,NA,425.19,144.01,774.87,24122
北京市,1999,2678.82,78.35,907.34,1693.13,78.35,723.98,183.36,NA,364.46,NA,249.74,NA,356.85,105.55,616.53,21407
北京市,1998,2377.18,77.86,840.57,1458.75,77.86,670.36,170.21,NA,331.84,NA,217.97,NA,307.38,75.32,526.24,19128
北京市,1997,2077.09,77.18,781.85,1218.06,77.18,635.91,145.94,NA,299.74,NA,182.77,NA,268.14,48.21,419.2,16621
天津市,2016,17885.39,220.22,7571.35,10093.82,222.05,6805.13,786.89,2256.54,NA,725.31,NA,292.11,1793.57,805.92,4197.87,115053
天津市,2015,16538.19,208.82,7704.22,8625.15,210.5,6982.66,740.31,2070.04,NA,729.09,NA,248.01,1603.23,618.25,3336.09,107960
天津市,2014,15726.93,199.9,7731.85,7795.18,201.53,7079.1,686.98,1950.71,NA,720.72,NA,230.28,1422.28,550.86,2884.47,105231
天津市,2013,14442.01,186.96,7275.45,6979.6,188.54,6686.6,621.45,1813.47,NA,675.02,NA,221.13,1235.91,533.33,2466.56,100105
天津市,2012,12893.88,171.6,6663.82,6058.46,171.6,6123.06,540.76,1680.33,NA,683.56,NA,222.18,1001.59,449.65,2021.15,93173
天津市,2011,11307.28,159.72,5928.32,5219.24,159.72,5430.84,497.48,1463.89,NA,632.1,NA,194.52,756.5,411.46,1760.77,85213
天津市,2010,9224.46,145.58,4840.23,4238.65,145.58,4410.85,429.38,1090.68,NA,585.37,NA,157.66,572.99,377.59,1454.36,72994
天津市,2009,7521.85,128.85,3987.84,3405.16,128.85,3622.11,365.73,836.84,NA,471.01,NA,131.84,461.2,308.73,1195.54,62574
天津市,2008,6719.01,122.58,3709.78,2886.65,122.58,3418.87,290.91,717.15,NA,436.37,NA,109.98,368.1,227.88,1027.17,58656
天津市,2007,5252.76,110.19,2892.53,2250.04,110.19,2661.87,230.66,588.5,NA,334.67,NA,92.61,288.17,183.44,762.65,47970
天津市,2006,4462.74,103.35,2457.08,1902.31,103.35,2261.52,195.56,536.38,NA,302.2,NA,79.41,186.87,156.64,640.81,40961
天津市,2005,3905.64,112.38,2135.07,1658.19,112.38,1957.95,177.12,465.91,NA,277.17,NA,65.97,147.4,122.67,579.07,35783
天津市,2004,3110.97,105.28,1685.93,1319.76,105.28,1549.67,136.26,372.32,NA,222.83,NA,56.45,136.97,106.14,425.05,30575
天津市,2003,2578.03,89.91,1337.31,1150.81,89.91,1217.88,119.43,NA,358.23,NA,242.71,NA,112.79,92.31,344.77,25544
天津市,2002,2150.76,84.21,1069.08,997.47,84.21,968.44,100.64,NA,311.2,NA,229.36,NA,76.86,73.04,307.01,21387
天津市,2001,1919.09,78.73,959.06,881.3,78.73,869.15,89.91,NA,269.76,NA,202.77,NA,66.52,65.07,277.18,19141
天津市,2e3,1701.88,73.69,863.83,764.36,73.69,785.96,77.87,NA,229.16,NA,177.89,NA,58.44,53.57,245.3,17353
天津市,1999,1500.95,71.14,758.51,671.3,71.14,682.52,75.99,NA,200.04,NA,157.06,NA,58.64,41,214.56,15405
天津市,1998,1374.6,74.14,697.99,602.47,74.14,622.15,75.84,NA,170.47,NA,134.23,NA,63.48,37.87,196.42,14243
天津市,1997,1264.63,69.52,676.01,519.1,69.52,609.65,66.36,NA,137.25,NA,114.55,NA,68.4,30.3,168.6,13142
河北省,2016,32070.45,3492.81,15256.93,13320.71,3644.82,13387.46,1885.27,2536.85,NA,2369.27,NA,440.39,1731.23,1488.42,4586.74,43062
河北省,2015,29806.11,3439.45,14386.87,11979.79,3578.7,12626.17,1780.49,2381.23,NA,2359.09,NA,404.43,1480.92,1313.62,3881.5,40255
河北省,2014,29421.15,3447.46,15012.85,10960.84,3576.48,13330.66,1703.63,2255.13,NA,2396.4,NA,399.86,1347.58,1119.78,3291.63,39984
河北省,2013,28442.95,3381.98,14781.85,10279.12,3500.42,13194.76,1600.15,2148.95,NA,2345.1,NA,377.82,1137.72,1063.09,3074.94,38909
河北省,2012,26575.01,3186.66,14003.57,9384.78,3186.66,12511.6,1491.97,2024.29,NA,2212.93,NA,388.87,913.66,982.05,2862.98,36584
河北省,2011,24515.76,2905.73,13126.86,8483.17,2905.73,11770.38,1356.48,1780.63,NA,2046.22,NA,338.91,746.01,918.02,2653.38,33969
河北省,2010,20394.26,2562.81,10707.68,7123.77,2562.81,9554.03,1153.65,1529.26,NA,1745.91,NA,265.02,615.42,697.79,2270.37,28668
河北省,2009,17235.48,2207.34,8959.83,6068.31,2207.34,7983.86,975.97,1157.8,NA,1491.92,NA,247.14,525.67,612.4,2033.38,24581
河北省,2008,16011.97,2034.59,8701.34,5276.04,2034.59,7891.54,809.8,988.89,NA,1337.54,NA,222.89,420.74,513.81,1792.17,22986
河北省,2007,13607.32,1804.72,7201.88,4600.72,1804.72,6515.32,686.56,836.9,NA,1155.62,NA,203.83,347.65,467.97,1588.75,19662
河北省,2006,11467.6,1461.81,6110.43,3895.36,1461.81,5485.96,624.47,761.35,NA,938.52,NA,175.45,284.04,397.14,1338.86,16894
河北省,2005,10012.11,1400,5271.57,3340.54,1400,4704.28,567.29,697.61,NA,790.19,NA,167.31,213.47,330.87,1141.09,14782
河北省,2004,8477.63,1370.43,4301.73,2805.47,1370.43,3812.31,489.42,539.08,NA,585.37,NA,106.05,209.1,231.08,1134.79,12487
河北省,2003,6921.29,1064.05,3417.56,2439.68,1064.05,3009.92,407.64,NA,557.33,NA,609.09,NA,199.87,185.19,888.2,10251
河北省,2002,6018.28,956.84,2911.69,2149.75,956.84,2580.89,330.8,NA,521.81,NA,553.17,NA,179.6,140.89,754.27,8960
河北省,2001,5516.76,913.82,2696.63,1906.31,913.82,2378.04,318.59,NA,488.61,NA,498.03,NA,167.29,118.13,634.25,8251
河北省,2e3,5043.96,824.55,2514.96,1704.45,824.55,2201.73,313.23,NA,459,NA,415.79,NA,183.77,99.53,546.36,7592
河北省,1999,4514.19,805.97,2188.59,1519.63,805.97,1895.21,293.38,NA,411.54,NA,359.85,NA,199.4,85.71,463.13,6849
河北省,1998,4256.01,790.6,2084.33,1381.08,790.6,1822.05,262.28,NA,386.96,NA,313.4,NA,204.22,77.11,399.39,6501
河北省,1997,3953.78,761.76,1934.38,1257.64,761.76,1701.42,232.96,NA,355.8,NA,276.61,NA,202.98,68.31,353.94,6079
山西省,2016,13050.41,784.78,5028.99,7236.64,827.32,4148.91,895.63,1058.12,NA,930.75,NA,375.75,1207.35,698.53,2908.05,35532
山西省,2015,12766.49,783.16,5194.27,6789.06,829.1,4359.6,847.22,1077.11,NA,892.81,NA,350.72,1140.54,639.07,2635.32,34919
山西省,2014,12761.49,788.89,6293.91,5678.69,827.45,5471.01,826.95,990.04,NA,797.13,NA,299.16,897.26,598.07,2053.67,35070
山西省,2013,12665.25,741.01,6613.06,5311.18,776.58,5842.14,774.5,971.53,NA,782.49,NA,272.98,809.9,563.01,1872.12,34984
山西省,2012,12112.83,698.32,6731.56,4682.95,698.32,6023.55,708.01,991.08,NA,847.44,NA,299.67,639.61,301.88,1603.27,33628
山西省,2011,11237.55,641.42,6635.26,3960.87,641.42,5959.96,675.3,846.65,NA,756.29,NA,261.33,519.32,224.91,1352.37,31357
山西省,2010,9200.86,554.48,5234,3412.38,554.48,4657.97,576.03,695.51,NA,654.08,NA,231.62,448.3,192,1190.87,26283
山西省,2009,7358.31,477.59,3993.8,2886.92,477.59,3518.88,474.92,557.86,NA,523.38,NA,203.58,361.64,173.31,1067.15,21522
山西省,2008,7315.4,313.58,4242.36,2759.46,313.58,3868.54,373.82,480.92,NA,650.19,NA,172.42,290.91,166.04,998.98,21506
山西省,2007,6024.45,311.97,3454.49,2257.99,311.97,3141.89,312.6,384.63,NA,546.31,NA,137.3,218.73,134.12,836.9,17805
山西省,2006,4878.61,276.77,2755.66,1846.18,276.77,2485.06,270.6,315.64,NA,441.03,NA,113.39,169.63,117.01,689.48,14106
山西省,2005,4230.53,262.42,2357.04,1611.07,262.42,2117.68,239.36,269.94,NA,375.11,NA,109.6,135.07,106,615.35,12495
山西省,2004,3571.37,276.3,1919.4,1375.67,276.3,1711.3,208.1,229.08,NA,370.64,NA,96.59,110.29,95.1,473.97,10742
山西省,2003,2855.23,215.19,1463.38,1176.65,215.19,1291.94,171.44,NA,258.15,NA,320.71,NA,118.48,78.73,400.58,8642
山西省,2002,2324.8,197.8,1134.31,992.69,197.8,991.44,142.87,NA,226.21,NA,268.23,NA,124.1,65.83,308.32,7082
山西省,2001,2029.53,171.09,956.01,902.43,171.09,832.45,123.56,NA,201.68,NA,227.83,NA,139.24,56.94,276.73,6226
山西省,2e3,1845.72,179.86,858.37,807.49,179.86,748.65,109.72,NA,180.16,NA,203.07,NA,127.74,50.45,246.07,5722
山西省,1999,1667.1,159.96,785.47,721.67,159.96,684.55,100.92,NA,160.21,NA,183.73,NA,115.07,41.82,220.85,5230
山西省,1998,1611.08,207.25,761.25,642.58,207.25,658.55,102.7,NA,152.49,NA,158.54,NA,113.32,30.88,187.35,5104
山西省,1997,1476,191.84,707.57,576.58,191.84,626.36,81.22,NA,137.69,NA,136.79,NA,115.81,17.35,168.94,4724
内蒙古自治区,2016,18128.1,1637.39,8553.63,7937.08,1663.87,7233,1322.5,1841.71,NA,1141.97,NA,682.12,992.14,453.8,2796.99,72064
内蒙古自治区,2015,17831.51,1617.42,9000.58,7213.51,1643.8,7739.18,1263.16,1728.3,NA,1087.32,NA,628.87,829.2,441.37,2471.59,71101
内蒙古自治区,2014,17770.19,1627.85,9119.79,7022.55,1651.06,7904.4,1217.62,1756.89,NA,1313.68,NA,569.25,724.16,442.95,2189.5,71046
内蒙古自治区,2013,16916.5,1575.76,9104.08,6236.66,1598.19,7944.4,1161.77,1547.04,NA,1302,NA,468.85,625.14,414.59,1854.52,67836
内蒙古自治区,2012,15880.58,1448.58,8801.5,5630.5,1448.58,7735.78,1065.71,1415.47,NA,1185.3,NA,433.94,502.01,385.22,1708.56,63886
内蒙古自治区,2011,14359.88,1306.3,8037.69,5015.89,1306.3,7101.6,936.09,1216.6,NA,1040.03,NA,381.64,447.46,384.76,1545.41,57974
内蒙古自治区,2010,11672,1095.28,6367.69,4209.03,1095.28,5618.4,749.29,1051.96,NA,875.61,NA,332.24,346.44,309.25,1293.53,47347
内蒙古自治区,2009,9740.25,929.6,5114,3696.65,929.6,4503.33,610.67,915.89,NA,773.29,NA,294.73,291.1,286.65,1134.99,39735
内蒙古自治区,2008,8496.2,907.95,4376.19,3212.06,907.95,3879.42,496.77,781.95,NA,698.15,NA,254.34,219.09,273.3,985.25,34869
内蒙古自治区,2007,6423.18,762.1,3193.67,2467.41,762.1,2781.78,411.89,588.02,NA,545.28,NA,199.69,148.3,191.01,795.11,26521
内蒙古自治区,2006,4944.25,634.94,2374.96,1934.35,634.94,2025.72,349.24,441.92,NA,434.56,NA,165.81,108.21,136.5,647.35,20047
内蒙古自治区,2005,3905.03,589.56,1773.21,1542.26,589.56,1477.88,295.33,338.12,NA,361.31,NA,140.11,72.52,98.75,531.45,16331
内蒙古自治区,2004,3041.07,522.8,1248.27,1270,522.8,1015.37,232.9,278.07,NA,303.92,NA,120.52,55.89,73.81,437.79,12767
内蒙古自治区,2003,2388.38,420.1,967.49,1000.79,420.1,773.5,193.99,NA,312.12,NA,296.8,NA,55.89,61.05,274.93,10039
内蒙古自治区,2002,1940.94,374.69,754.78,811.47,374.69,614.89,139.89,NA,266.54,NA,244.28,NA,48.39,51.48,200.78,8162
内蒙古自治区,2001,1713.81,358.89,655.68,699.24,358.89,541.02,114.66,NA,226.46,NA,204.42,NA,43.99,43.77,180.6,7216
内蒙古自治区,2e3,1539.12,350.8,582.57,605.74,350.8,484.19,98.38,NA,195.39,NA,175.46,NA,39.92,33.85,161.12,6502
内蒙古自治区,1999,1379.31,342.91,510.47,525.93,342.91,425.13,85.34,NA,168.59,NA,145.98,NA,36.26,26.1,149,5861
内蒙古自治区,1998,1262.54,341.62,458.86,462.06,341.62,382.44,76.42,NA,144.96,NA,126.06,NA,33.2,20.22,137.62,5406
内蒙古自治区,1997,1153.51,322.52,422.39,408.6,322.52,355.1,67.29,NA,126.82,NA,114.08,NA,30.75,16.3,120.65,4980
辽宁省,2016,22246.9,2173.06,8606.54,11467.3,2296.55,6818.32,1880.85,2822.87,NA,1245.27,NA,457,1829.22,1037.33,3859.49,50791
辽宁省,2015,28669.02,2384.03,13041.97,13243.02,2505.1,11270.82,1881.32,2968.98,NA,1702.8,NA,620.27,1869.46,1169.67,4680.57,65354
辽宁省,2014,28626.58,2285.75,14384.64,11956.19,2403.17,12656.83,1875.69,2653.65,NA,1488.93,NA,568.77,1482.17,1145.7,4351.67,65201
辽宁省,2013,27213.22,2216.15,13963.95,11033.12,2321.64,12300.7,1806.97,2412.95,NA,1396.68,NA,536.39,1249.71,1191.23,3996.95,61996
辽宁省,2012,24846.43,2155.82,13230.49,9460.12,2155.82,11605.07,1625.42,2191.19,NA,1297.18,NA,487.49,969.37,1050.03,3464.86,56649
辽宁省,2011,22226.7,1915.57,12152.15,8158.98,1915.57,10696.54,1455.61,1960.33,NA,1143.17,NA,436.13,755.57,876.12,2987.66,50760
辽宁省,2010,18457.27,1631.08,9976.82,6849.37,1631.08,8789.27,1187.55,1651.66,NA,926.81,NA,369.61,639.27,733.37,2528.65,42355
辽宁省,2009,15212.49,1414.9,7906.34,5891.25,1414.9,6925.63,980.71,1410.33,NA,790.56,NA,318.8,560.2,605.27,2206.09,35149
辽宁省,2008,13668.58,1302.02,7158.84,5207.72,1302.02,6359.43,799.41,1257.5,NA,734.13,NA,275.86,455.07,500.81,1984.35,31739
辽宁省,2007,11164.3,1133.42,5544.14,4486.74,1133.42,4892.45,651.69,1078.67,NA,665.63,NA,231.54,386.34,410.43,1714.13,26057
辽宁省,2006,9304.52,939.43,4566.83,3798.26,939.43,4017.02,549.81,919.43,NA,572.26,NA,202.49,303.41,318.54,1482.13,21802
辽宁省,2005,8047.26,882.41,3869.4,3295.45,882.41,3401.8,467.6,820.35,NA,493.75,NA,180.81,232.85,256.77,1310.92,18983
辽宁省,2004,6672,798.43,3061.62,2811.95,798.43,2680.41,381.21,685.98,NA,425,NA,163.2,188.04,203.1,1146.63,15835
辽宁省,2003,6002.54,615.8,2898.89,2487.85,615.8,2556.82,342.07,NA,803.21,NA,495.67,NA,145.38,188.49,855.1,14270
辽宁省,2002,5458.22,590.2,2609.85,2258.17,590.2,2331.95,277.9,NA,760.26,NA,425.41,NA,137.18,130.94,804.38,13e3
辽宁省,2001,5033.08,544.44,2440.55,2048.09,544.44,2190.12,250.43,NA,696.51,NA,394.5,NA,131.32,114.96,710.8,12015
辽宁省,2e3,4669.06,503.44,2344.4,1821.22,503.44,2114.89,229.51,NA,631.64,NA,350.46,NA,127.91,103.56,607.65,11177
辽宁省,1999,4171.69,520.8,2001.48,1649.41,520.8,1795.71,205.77,NA,575.78,NA,314.48,NA,125.12,89.62,544.41,10086
辽宁省,1998,3881.73,531.46,1855.22,1495.05,531.46,1664.05,191.17,NA,533.2,NA,271.96,NA,123.78,82.6,483.51,9415
辽宁省,1997,3582.46,474.39,1743.87,1364.2,474.39,1567.56,176.31,NA,490.24,NA,248.5,NA,124.21,70.87,430.38,8725
吉林省,2016,14776.8,1498.52,7004.95,6273.33,1549.26,6070.07,960.87,1203.14,NA,558.38,NA,368.76,659.55,476.58,2930.19,53868
吉林省,2015,14063.13,1596.28,7005.71,5461.14,1644.6,6112.05,927.06,1117.29,NA,529.79,NA,328.61,565.27,436.06,2402.38,51086
吉林省,2014,13803.14,1524.01,7286.59,4992.54,1570.19,6424.88,891.4,1059.66,NA,518.05,NA,283.79,464.96,432.85,2157.54,50160
吉林省,2013,13046.4,1466.74,6871.96,4707.7,1509.34,6059.28,840.75,1011.33,NA,498.52,NA,268.88,399.54,431.88,2026.88,47428
吉林省,2012,11939.24,1412.11,6376.77,4150.36,1412.11,5582.48,794.29,986.46,NA,462.13,NA,240.7,244.63,240.86,1975.58,43415
吉林省,2011,10568.83,1277.44,5611.48,3679.91,1277.44,4917.95,693.53,860.47,NA,420.98,NA,205.69,207.65,238.61,1746.51,38460
吉林省,2010,8667.58,1050.15,4506.31,3111.12,1050.15,3929.31,577,753.37,NA,373.93,NA,180.01,190.12,212.32,1401.37,31599
吉林省,2009,7278.75,980.57,3541.92,2756.26,980.57,3054.6,487.32,673.12,NA,341.76,NA,157.73,180.83,200.14,1202.68,26595
吉林省,2008,6426.1,916.72,3097.12,2412.26,916.72,2688.37,408.75,580.37,NA,317.06,NA,137.69,147.24,182.7,1047.2,23521
吉林省,2007,5284.69,783.8,2475.45,2025.44,783.8,2170.74,304.71,485.96,NA,275.76,NA,117.35,126.03,153.03,867.31,19383
吉林省,2006,4275.12,672.76,1915.29,1687.07,672.76,1659.29,256,402.37,NA,236.82,NA,97.39,100.75,131.01,718.73,15625
吉林省,2005,3620.27,625.61,1580.83,1413.83,625.61,1363.94,216.89,345.02,NA,208.1,NA,83.39,83.63,112.29,581.4,13348
吉林省,2004,3122.01,568.69,1329.68,1223.64,568.69,1143.95,185.73,319.04,NA,192.26,NA,64.93,77.17,97.93,472.31,11537
吉林省,2003,2662.08,488.23,1098.37,1075.48,488.23,930.74,167.63,NA,327.67,NA,215.97,NA,73.15,91.99,366.7,9854
吉林省,2002,2348.54,446.17,943.49,958.88,446.17,803.53,139.96,NA,287.78,NA,190.87,NA,75.45,76.11,328.67,8714
吉林省,2001,2120.35,409.1,852.51,858.74,409.1,724.73,127.78,NA,267.37,NA,171.78,NA,79.5,69.03,271.06,7893
吉林省,2e3,1951.51,398.73,768.89,783.89,398.73,655.68,113.21,NA,237.55,NA,168.87,NA,72.33,63.78,241.36,7351
吉林省,1999,1672.96,423.48,654.52,594.96,423.48,552.34,102.18,NA,139.13,NA,135.97,NA,67.73,47.32,204.81,6382
吉林省,1998,1577.05,429.5,585.65,561.9,429.5,504.12,81.53,NA,130.8,NA,132.34,NA,64.44,34.88,199.44,5983
吉林省,1997,1464.34,368.16,566.97,529.21,368.16,495.1,71.87,NA,129.92,NA,129.29,NA,55.53,27.68,186.79,5591
黑龙江省,2016,15386.09,2670.46,4400.69,8314.94,2731.65,3647.14,874.23,1795.83,NA,758.01,NA,522.56,900.84,616.9,3538.93,40432
黑龙江省,2015,15083.67,2633.5,4798.08,7652.09,2687.8,4053.77,850.09,1689.24,NA,707.03,NA,479.96,847.66,597.22,3170.9,39462
黑龙江省,2014,15039.38,2611.36,5544.41,6883.61,2659.63,4783.88,845.15,1585,NA,683.12,NA,438.79,707.47,581.28,2755.08,39226
黑龙江省,2013,14454.91,2474.12,5846.67,6134.12,2516.79,5090.34,843.8,1421.67,NA,601.48,NA,387.73,606.22,552,2434.88,37697
黑龙江省,2012,13691.58,2113.66,6037.61,5540.31,2113.66,5240.65,796.96,1339.05,NA,598.78,NA,367.4,485.11,522.27,2227.7,35711
黑龙江省,2011,12582,1701.5,5962.41,4918.09,1701.5,5234.64,727.77,1199.82,NA,568.81,NA,308.98,370.78,492.1,1977.6,32819
黑龙江省,2010,10368.6,1302.9,5025.15,4040.55,1302.9,4429.31,595.84,935.94,NA,486.01,NA,253.78,304.59,391.89,1668.34,27076
黑龙江省,2009,8587,1154.33,4060.72,3371.95,1154.33,3549.73,510.99,757.36,NA,433.55,NA,211,227.54,301.18,1441.32,22447
黑龙江省,2008,8314.37,1088.94,4319.75,2905.68,1088.94,3866.43,453.32,610.49,NA,434.03,NA,167.89,177.43,244.47,1271.37,21740
黑龙江省,2007,7104,915.38,3695.58,2493.04,915.38,3326.9,368.68,494.19,NA,412.1,NA,141.16,155.48,225.81,1064.3,18580
黑龙江省,2006,6211.8,750.14,3365.31,2096.35,750.14,3049.04,316.27,439.89,NA,352.04,NA,121.96,74.17,194.7,913.59,16268
黑龙江省,2005,5513.7,684.6,2971.68,1857.42,684.6,2696.3,275.38,403.72,NA,331.55,NA,105.95,35.03,163.34,817.83,14434
黑龙江省,2004,4750.6,605.79,2487.04,1657.77,605.79,2242.32,244.72,382.24,NA,301.54,NA,93.36,32.2,137.74,710.69,12449
黑龙江省,2003,4057.4,504.8,2084.7,1467.9,504.8,1874.8,209.9,NA,412.3,NA,330.5,NA,32.2,127.2,565.7,10638
黑龙江省,2002,3637.2,474.2,1843.6,1319.4,474.2,1650.8,192.8,NA,377.1,NA,302.4,NA,31.6,118.7,489.6,9541
黑龙江省,2001,3390.1,435.6,1773.3,1181.2,435.6,1592,181.3,NA,344.8,NA,262.8,NA,31.3,109.9,432.4,8900
黑龙江省,2e3,3151.4,383.15,1731.7,1036.55,383.15,1566.4,165.3,NA,317.4,NA,213.3,NA,30.9,105.5,369.45,8294
黑龙江省,1999,2866.3,377.2,1556.7,932.4,377.2,1399.9,156.8,NA,255.7,NA,170,NA,117.8,57.61,331.29,7578
黑龙江省,1998,2774.4,429.1,1482.3,863,429.1,1332,150.3,NA,246.57,NA,160.1,NA,115.3,53,288.03,7375
黑龙江省,1997,2667.5,460.2,1432.9,774.4,460.2,1304.9,128,NA,231.1,NA,143.2,NA,109.2,45.6,245.3,7133
上海市,2016,28178.65,109.47,8406.28,19662.9,113.47,7555.34,879.81,4119.59,NA,1237.32,NA,388.98,4765.83,2125.62,6992.69,116562
上海市,2015,25123.45,109.82,7991,17022.63,114,7162.33,855.22,3824.22,NA,1133.17,NA,374.63,4162.7,1699.78,5797.41,103796
上海市,2014,23567.7,124.26,8167.71,15275.72,128.62,7362.84,831.86,3647.33,NA,1044.46,NA,359.28,3400.41,1530.96,5261.94,97370
上海市,2013,21818.15,124.89,7907.81,13785.45,129.28,7139.18,791.08,3533.1,NA,935.91,NA,311.81,2823.81,1427.05,4726.93,90993
上海市,2012,20181.72,127.8,7854.77,12199.15,127.8,7097.76,757.01,3291.93,NA,895.31,NA,298.4,2450.36,1147.04,4116.11,85373
上海市,2011,19195.69,124.94,7927.89,11142.86,124.94,7208.59,719.3,3040.99,NA,868.31,NA,279.34,2277.4,1019.68,3657.14,82560
上海市,2010,17165.98,114.15,7218.32,9833.51,114.15,6536.21,682.11,2594.34,NA,834.4,NA,266.45,1950.96,1002.5,3184.86,76074
上海市,2009,15046.45,113.82,6001.78,8930.85,113.82,5408.75,593.03,2183.85,NA,635.01,NA,238.36,1804.28,1237.56,2831.79,69165
上海市,2008,14069.86,111.8,6085.84,7872.23,111.8,5576.79,509.05,1933.65,NA,712.99,NA,244.26,1414.21,939.34,2627.78,66932
上海市,2007,12494.01,101.84,5571.06,6821.11,101.84,5154.42,416.64,1525.43,NA,682.84,NA,219.36,1209.08,958.06,2226.34,62041
上海市,2006,10572.24,93.81,4969.95,5508.48,93.81,4575.3,394.65,1218.13,NA,643.92,NA,194.08,825.2,773.61,1853.54,57310
上海市,2005,9247.66,90.26,4381.2,4776.2,90.26,4036.85,344.35,1004.77,NA,571.57,NA,168.31,675.12,715.97,1640.46,51474
上海市,2004,8072.83,83.45,3892.12,4097.26,83.45,3593.25,298.87,745,NA,493.6,NA,150.88,612.45,666.3,1429.03,46338
上海市,2003,6694.23,81.02,3209.02,3404.19,81.02,2941.24,267.78,NA,731.3,NA,547.81,NA,517.97,487.82,1119.29,39128
上海市,2002,5741.03,79.68,2622.45,3038.9,79.68,2368.02,254.43,NA,660.49,NA,479.13,NA,485.25,384.86,1029.17,35329
上海市,2001,5210.12,78,2403.18,2728.94,78,2166.74,236.44,NA,603.92,NA,426.32,NA,529.26,328.59,840.85,32201
上海市,2e3,4771.17,76.68,2207.63,2486.86,76.68,1998.96,208.67,NA,533.89,NA,385.61,NA,602.95,263.35,701.06,29671
上海市,1999,4188.73,74.49,1984.64,2129.6,74.49,1787.98,196.66,NA,484.59,NA,324.25,NA,516.53,219.03,585.2,27071
上海市,1998,3801.09,73.84,1871.89,1855.36,73.84,1670.19,201.7,NA,442.61,NA,284.17,NA,465.45,191.8,471.33,25206
上海市,1997,3438.79,72.03,1774.02,1592.74,72.03,1598.91,175.11,NA,404.18,NA,258.37,NA,424.39,151.74,354.06,23397
江苏省,2016,77388.28,4077.18,34619.5,38691.6,4323.53,30455.15,4173.66,7470.27,NA,2837.16,NA,1291.32,6011.13,4292.79,16533.28,96887
江苏省,2015,70116.38,3986.05,32044.45,34085.88,4209.5,27996.43,4055.42,6992.68,NA,2705.44,NA,1189.4,5302.93,3755.45,13909.11,87995
江苏省,2014,65088.32,3634.33,30854.5,30599.49,3835.16,26962.97,3899.47,6559.03,NA,2591.15,NA,1094.45,4723.69,3564.44,11857.96,81874
江苏省,2013,59753.37,3469.86,29086.08,27197.43,3646.06,25503.86,3590.16,6123.46,NA,2425.11,NA,1027.97,3958.79,3308.4,10169.56,75354
江苏省,2012,54058.22,3418.29,27121.95,23517.98,3418.29,23908.47,3213.48,5704.66,NA,2352.4,NA,1045.21,3136.51,2992.82,8286.38,68347
江苏省,2011,49110.27,3064.78,25203.28,20842.21,3064.78,22280.61,2922.67,5341.39,NA,2127.93,NA,919.13,2600.11,2747.89,7105.77,62290
江苏省,2010,41425.48,2540.1,21753.93,17131.45,2540.1,19277.65,2476.28,4447.5,NA,1768.3,NA,710.98,2105.92,2600.95,5497.8,52840
江苏省,2009,34457.3,2261.86,18566.37,13629.07,2261.86,16464.94,2101.43,3579.81,NA,1423.25,NA,678.36,1596.98,2025.39,4325.28,44253
江苏省,2008,30981.98,2100.11,16993.34,11888.53,2100.11,15271.2,1722.14,3115.09,NA,1346.26,NA,584.67,1298.48,1626.13,3917.9,40014
江苏省,2007,26018.48,1816.31,14471.26,9730.91,1816.31,13105.24,1366.02,2472.64,NA,1101.18,NA,432.83,1054.25,1365.71,3304.3,33837
江苏省,2006,21742.05,1545.05,12282.89,7914.11,1545.05,11097.64,1185.25,2043.09,NA,953.57,NA,375.08,653.25,1017.91,2871.21,28685
江苏省,2005,18598.69,1461.51,10524.96,6612.22,1461.51,9440.18,1084.78,1870.57,NA,798.11,NA,299.13,492.4,799.73,2352.28,24560
江苏省,2004,15003.6,1367.58,8437.99,5198.03,1367.58,7514.39,923.6,1533.64,NA,603.76,NA,235.58,440.5,534.17,1850.38,20223
江苏省,2003,12442.87,1162.45,6787.11,4493.31,1162.45,6004.65,782.46,NA,1434.33,NA,821.48,NA,392.11,447.47,1397.92,16830
江苏省,2002,10606.85,1110.44,5604.49,3891.92,1110.44,4880.09,724.4,NA,1246.05,NA,717.76,NA,368.86,371.09,1188.16,14396
江苏省,2001,9456.84,1094.48,4907.46,3454.9,1094.48,4270.9,636.56,NA,1094.24,NA,644.87,NA,353.41,326.74,1035.64,12882
江苏省,2e3,8553.69,1048.34,4435.89,3069.46,1048.34,3848.52,587.37,NA,958.5,NA,557.37,NA,349.49,298.15,905.95,11765
江苏省,1999,7697.82,1037.37,3920.15,2740.3,1037.37,3387.99,532.16,NA,886.83,NA,484.86,NA,330.25,272.34,766.02,10695
江苏省,1998,7199.95,1047.16,3640.1,2512.69,1047.16,3157.69,482.41,NA,817.85,NA,435.77,NA,322.33,253.14,683.6,10049
江苏省,1997,6680.34,1035.8,3411.86,2232.68,1035.8,3016.44,395.42,NA,764.88,NA,369.54,NA,318.08,211.22,568.96,9371
浙江省,2016,47251.36,1965.18,21194.61,24091.57,2000.23,18655.12,2610.72,5754.19,NA,1774.37,NA,1119,3050.61,2607,9680.12,84916
浙江省,2015,42886.49,1832.91,19711.67,21341.91,1865.2,17217.47,2558.38,5245.03,NA,1631.88,NA,995.02,2922.93,2351.42,8099.05,77644
浙江省,2014,40173.03,1777.18,19175.06,19220.79,1808.68,16771.9,2467.1,4911.71,NA,1525.93,NA,884.91,2767.44,2166.86,6870.58,73002
浙江省,2013,37756.59,1760.34,18047.52,17948.72,1787.25,15837.2,2243.01,4589.13,NA,1427.52,NA,768.64,2795.13,2229.69,6079.01,68805
浙江省,2012,34665.33,1667.88,17316.32,15681.13,1667.88,15338.02,1978.3,3684.34,NA,1278.91,NA,655.74,2762.24,1927.93,5371.97,63374
浙江省,2011,32318.85,1583.04,16555.58,14180.23,1583.04,14683.03,1872.55,3288.53,NA,1206.95,NA,620.25,2730.29,1677.13,4657.08,59249
浙江省,2010,27722.31,1360.56,14297.93,12063.82,1360.56,12657.78,1640.15,2646.14,NA,1076.67,NA,523.67,2326.58,1618.17,3872.59,51711
浙江省,2009,22990.35,1163.08,11908.49,9918.78,1163.08,10518.21,1390.28,2119.39,NA,888.02,NA,416.84,1899.33,1316.84,3278.36,43842
浙江省,2008,21462.69,1095.96,11567.42,8799.31,1095.96,10328.72,1238.7,1899.02,NA,843.2,NA,388.01,1653.45,1052.03,2963.6,41405
浙江省,2007,18753.73,986.02,10154.25,7613.46,986.02,9090.74,1063.51,1650.14,NA,748.61,NA,321.39,1251.43,981.42,2660.47,36676
浙江省,2006,15718.47,925.1,8511.51,6281.86,925.1,7585.47,926.04,1411.7,NA,635.16,NA,262.15,906.37,794.41,2272.07,31684
浙江省,2005,13417.68,892.83,7164.75,5360.1,892.83,6344.71,820.04,1258.2,NA,513.74,NA,224.84,686.32,688.86,1988.14,27703
浙江省,2004,11648.7,814.1,6250.38,4584.22,814.1,5491.33,759.05,1126.07,NA,444.65,NA,202.55,523.49,587.83,1699.63,24352
浙江省,2003,9705.02,717.85,5096.38,3890.79,717.85,4462.97,633.41,NA,1095.92,NA,559.07,NA,451.54,473.16,1311.1,20444
浙江省,2002,8003.67,685.2,4090.48,3227.99,685.2,3640.84,449.64,NA,983.72,NA,490.16,NA,347.53,360.63,1045.95,16978
浙江省,2001,6898.34,659.78,3572.88,2665.68,659.78,3181.94,390.94,NA,868,NA,418.62,NA,260.36,274.79,843.91,14713
浙江省,2e3,6141.03,630.98,3273.93,2236.12,630.98,2945.7,328.23,NA,794.64,NA,363.36,NA,221.73,213.62,642.77,13416
浙江省,1999,5443.92,606.31,2974.74,1862.87,606.31,2679.68,295.06,NA,687.4,NA,316.01,NA,200.83,165.12,493.51,12214
浙江省,1998,5052.62,609.3,2766.94,1676.38,609.3,2484.97,281.97,NA,645.71,NA,284.42,NA,179.83,144.71,421.71,11394
浙江省,1997,4686.11,618.9,2554.57,1512.64,618.9,2285.24,269.33,NA,602.12,NA,260.71,NA,163.76,113.63,372.42,10624
安徽省,2016,24407.62,2567.72,11821.58,10018.32,2693.19,10076.94,1763.53,1775.87,NA,826.9,NA,458.02,1447.02,1124.07,4242.09,39561
安徽省,2015,22005.63,2456.69,10946.83,8602.11,2550.3,9264.82,1698.92,1640.93,NA,791.72,NA,417.81,1241.87,870.07,3529.2,35997
安徽省,2014,20848.75,2392.39,11077.67,7378.68,2481.89,9455.48,1638.32,1500.28,NA,784.44,NA,347.66,1046.67,807.33,2786.67,34425
安徽省,2013,19229.34,2267.15,10390.04,6572.14,2348.09,8880.45,1524.11,1375.39,NA,730.36,NA,314.98,912.77,711.71,2431.48,32001
安徽省,2012,17212.05,2178.73,9404.84,5628.48,2178.73,8025.84,1379,1223.97,NA,650.21,NA,268.95,617.62,665.76,2201.97,28792
安徽省,2011,15300.65,2015.31,8309.38,4975.96,2015.31,7062,1247.38,1050.61,NA,589.82,NA,252.62,503.85,634.92,1944.14,25659
安徽省,2010,12359.33,1729.02,6436.62,4193.69,1729.02,5407.4,1029.22,887.66,NA,527.02,NA,193.78,396.17,532.17,1656.89,20888
安徽省,2009,10062.82,1495.45,4905.22,3662.15,1495.45,4064.72,840.5,733.19,NA,467.92,NA,157.14,359.6,497.94,1446.36,16408
安徽省,2008,8851.66,1418.09,4198.93,3234.64,1418.09,3505.67,693.26,611.15,NA,443.81,NA,144.35,313.81,431.27,1290.25,14448
安徽省,2007,7360.92,1200.18,3370.96,2789.78,1200.18,2810,560.96,511.66,NA,408.33,NA,121,223.85,366.57,1158.37,12039
安徽省,2006,6112.5,1011.03,2711.18,2390.29,1011.03,2240.37,470.81,442.41,NA,363.12,NA,105.59,166.01,281.98,1031.18,10044
安徽省,2005,5350.17,966.5,2245.9,2137.77,966.5,1837.36,408.54,393.75,NA,336.39,NA,96.27,127.05,231.66,952.65,8670
安徽省,2004,4759.3,950.5,1844.9,1963.9,950.5,1488.9,356,349,NA,319.79,NA,95.73,94.1,188.28,917,7681
安徽省,2003,3923.11,749.4,1535.29,1638.42,749.4,1255.8,279.49,NA,380.49,NA,326.34,NA,87.45,162.63,681.5,6375
安徽省,2002,3519.72,783.66,1337.04,1399.02,783.66,1115.09,221.95,NA,343.87,NA,275.27,NA,81.85,139.18,558.85,5736
安徽省,2001,3246.71,760.77,1254.88,1231.06,760.77,1062,192.88,NA,323.51,NA,239.5,NA,78.83,123.93,465.29,5313
安徽省,2e3,2902.09,741.77,1056.78,1103.54,741.77,885.1,171.68,NA,300.75,NA,215.61,NA,76.54,112.27,398.37,4779
安徽省,1999,2712.34,746.72,974.32,991.3,746.72,820.25,154.07,NA,290.69,NA,203.86,NA,75.39,98.44,322.92,4495
安徽省,1998,2542.96,744.08,920.5,878.38,744.08,765.95,154.55,NA,264.84,NA,185,NA,73.83,85.48,269.23,4235
安徽省,1997,2347.32,736.26,828.85,782.21,736.26,703.69,125.16,NA,242.04,NA,164.84,NA,75.66,73.75,225.92,3929
福建省,2016,28810.58,2363.22,14093.47,12353.89,2444.81,11698.36,2421.34,2204.6,NA,1689.82,NA,421.51,1866.17,1269.67,4794.3,74707
福建省,2015,25979.82,2118.1,13064.82,10796.9,2193.6,10820.22,2268.86,2046.29,NA,1547.3,NA,398.35,1681.33,1077.88,3945.53,67966
福建省,2014,24055.76,2014.8,12515.36,9525.6,2085.12,10426.71,2112.03,1961.18,NA,1320.35,NA,374.61,1449.82,1090.22,3235.8,63472
福建省,2013,21868.49,1874.23,11329.6,8664.66,1938.98,9455.32,1895.48,1789.88,NA,1176.19,NA,353.23,1264.72,1095.08,2899.61,58145
福建省,2012,19701.78,1776.71,10187.94,7737.13,1776.71,8541.94,1646,1670.26,NA,1090.07,NA,337.48,1015.37,1039.71,2584.24,52763
福建省,2011,17560.18,1612.24,9069.2,6878.74,1612.24,7675.09,1394.11,1511.29,NA,963.85,NA,300.35,862.41,911.16,2329.68,47377
福建省,2010,14737.12,1363.67,7522.83,5850.62,1363.67,6397.71,1125.12,1310.94,NA,871.16,NA,266.47,767.58,679.03,1955.44,40025
福建省,2009,12236.53,1182.74,6005.3,5048.49,1182.74,5106.38,898.92,1043.42,NA,751.42,NA,235.98,612.2,656.61,1748.86,33437
福建省,2008,10823.01,1158.17,5318.44,4346.4,1158.17,4593.24,725.2,897.32,NA,703.72,NA,205.57,497.65,506.98,1535.16,29755
福建省,2007,9248.53,1002.11,4476.42,3770,1002.11,3896.76,579.66,769.15,NA,626.32,NA,175.1,385.84,511.5,1302.09,25582
福建省,2006,7583.85,865.98,3695.04,3022.83,865.98,3230.49,464.56,641.13,NA,521.16,NA,151.83,243.9,435.22,1029.59,21152
福建省,2005,6554.69,827.36,3175.92,2551.41,827.36,2801.88,374.05,571.3,NA,447.2,NA,120.84,186.12,331.8,894.15,18646
福建省,2004,5763.35,786.84,2770.49,2206.02,786.84,2438.62,331.87,524.16,NA,406.89,NA,93.14,171,248.44,762.39,16469
福建省,2003,4983.67,692.94,2340.82,1949.91,692.94,2061.31,279.51,NA,520.56,NA,478.84,NA,150.09,215.84,584.58,14333
福建省,2002,4467.55,664.78,2036.97,1765.8,664.78,1808.95,228.02,NA,465.91,NA,445.06,NA,138.28,188.09,528.46,12938
福建省,2001,4072.85,651.11,1803.5,1618.24,651.11,1586.48,217.02,NA,429.56,NA,428.87,NA,124.84,165.31,469.66,11892
福建省,2e3,3764.54,640.57,1628.45,1495.52,640.57,1422.34,206.11,NA,399.11,NA,410.66,NA,118.85,147.6,419.3,11194
福建省,1999,3414.19,628.86,1434.3,1351.03,628.86,1230.22,204.08,NA,364.97,NA,366.27,NA,113.4,126.22,380.17,10323
福建省,1998,3159.91,610.04,1335.05,1214.82,610.04,1132.79,202.26,NA,341.19,NA,326.63,NA,114.01,105.5,327.49,9603
福建省,1997,2870.9,576.63,1214.81,1079.46,576.63,1039.62,175.19,NA,306.22,NA,283.44,NA,109.07,93.27,287.46,8775
江西省,2016,18499,1904.53,8829.54,7764.93,1962.35,7219.11,1610.91,1264.66,NA,796.47,NA,425.34,1056.3,745.89,3417.97,40400
江西省,2015,16723.78,1772.98,8411.57,6539.23,1827.8,6918,1493.77,1186.72,NA,736.15,NA,391.08,897.65,548.26,2724.39,36724
江西省,2014,15714.63,1683.72,8247.93,5782.98,1735.29,6848.63,1399.59,1113.95,NA,710.08,NA,353.48,739.7,522.81,2291.1,34674
江西省,2013,14410.19,1588.51,7713.02,5108.66,1636.49,6452.41,1260.61,1035.04,NA,678.62,NA,319.71,542.83,500.57,1983.91,31930
江西省,2012,12948.88,1520.23,6942.59,4486.06,1520.23,5828.2,1114.39,935.94,NA,630.56,NA,310.84,413.07,421.83,1773.82,28800
江西省,2011,11702.82,1391.07,6390.55,3921.2,1391.07,5411.86,978.69,831.97,NA,507.44,NA,270.29,357.44,402.51,1551.55,26150
江西省,2010,9451.26,1206.98,5122.88,3121.4,1206.98,4286.76,836.12,666.89,NA,446.22,NA,200.71,241.49,340.56,1225.53,21253
江西省,2009,7655.18,1098.66,3919.45,2637.07,1098.66,3196.56,722.89,553.89,NA,394.9,NA,167.59,165.1,305.9,1049.69,17335
江西省,2008,6971.05,1060.38,3554.81,2355.86,1060.38,2906.86,647.95,465.26,NA,388.42,NA,131.71,130.57,281.96,957.94,15900
江西省,2007,5800.25,905.77,2975.53,1918.95,905.77,2412.3,563.23,381.25,NA,371.6,NA,92.45,101.34,225.96,746.35,13322
江西省,2006,4820.53,786.14,2419.74,1614.65,786.14,1905.15,514.59,326.58,NA,339.08,NA,79.97,79.75,184.67,604.6,10679
江西省,2005,4056.76,727.37,1917.47,1411.92,727.37,1455.5,461.97,288.52,NA,300.6,NA,67.11,69.55,171.88,514.26,9440
江西省,2004,3456.7,664.5,1566.4,1225.8,664.5,1140,426.4,242.21,NA,320.5,NA,54.16,65.1,167.2,376.63,8097
江西省,2003,2807.41,560,1204.33,1043.08,560,863.31,341.02,NA,243.06,NA,266.11,NA,64.31,138.02,331.58,6624
江西省,2002,2450.48,535.98,941.77,972.73,535.98,702.42,239.35,NA,214.19,NA,248.61,NA,76.51,125.27,308.15,5829
江西省,2001,2175.68,506,786.12,883.56,506,603.23,182.89,NA,192.06,NA,217.94,NA,82.02,114.84,276.7,5221
江西省,2e3,2003.07,485.14,700.76,817.17,485.14,543.88,156.88,NA,181.96,NA,194.98,NA,92.97,89.76,257.5,4851
江西省,1999,1853.65,464.4,648.82,740.43,464.4,503.79,145.03,NA,161.63,NA,167.74,NA,101.15,76.31,233.6,4402
江西省,1998,1719.87,450.44,608.22,661.21,450.44,477.15,131.07,NA,143.54,NA,145.4,NA,100.5,60.56,211.21,4124
江西省,1997,1605.77,475.18,548.84,581.75,475.18,438.98,109.86,NA,124.66,NA,115.41,NA,97.4,53.11,191.17,3890
山东省,2016,68024.49,4929.13,31343.67,31751.69,5171.13,27588.7,3806.31,9044.95,NA,2725.41,NA,1440.16,3364.56,2773.29,12109.97,68733
山东省,2015,63002.33,4979.08,29485.9,28537.35,5182.9,25910.75,3664.86,8416.13,NA,2503.65,NA,1301.36,2994.66,2592.67,10435.36,64168
山东省,2014,59426.59,4798.36,28788.11,25840.12,4992.88,25340.86,3534.48,7826.46,NA,2326.25,NA,1112.19,2709.65,2526.16,9057.67,60879
山东省,2013,55230.32,4565.97,27442.85,23221.51,4742.63,24265.31,3261.07,6897.76,NA,2065.16,NA,985.96,2383.43,2363.27,8265.74,56885
山东省,2012,50013.24,4281.7,25735.73,19995.81,4281.7,22798.33,2937.4,6507.4,NA,2516.19,NA,1059.47,1936.11,1984.49,5992.16,51768
山东省,2011,45361.85,3973.85,24017.11,17370.89,3973.85,21275.89,2741.22,5400.19,NA,2328.38,NA,881.58,1640.41,1838.14,5282.19,47335
山东省,2010,39169.92,3588.28,21238.49,14343.14,3588.28,18861.45,2377.04,4257.4,NA,1971,NA,670.97,1361.45,1622.15,4460.17,41106
山东省,2009,33896.65,3226.64,18901.83,11768.18,3226.64,16896.14,2005.69,3106.24,NA,1742.33,NA,594.5,1044.9,1329.59,3950.62,35894
山东省,2008,30933.28,3002.65,17571.98,10358.64,3002.65,15894.95,1677.03,2523.85,NA,1721.24,NA,540.05,880.28,1104.95,3588.27,32936
山东省,2007,25776.91,2509.14,14647.53,8620.24,2509.14,13283.72,1363.81,2119.72,NA,1334.62,NA,467.78,734.9,953.69,3009.53,27604
山东省,2006,21900.19,2138.9,12574.03,7187.26,2138.9,11378.82,1195.21,1749.61,NA,1193.32,NA,389.89,524.94,786.51,2542.99,23546
山东省,2005,18366.87,1963.51,10478.62,5924.74,1963.51,9418.58,1060.04,1430.96,NA,972.85,NA,344.33,448.36,664.9,2063.34,20096
山东省,2004,15021.84,1778.45,8478.69,4764.7,1778.45,7576.12,902.57,1171.86,NA,782.64,NA,304.14,343.37,473.27,1689.42,16413
山东省,2003,12078.15,1480.67,6485.05,4112.43,1480.67,5706.71,778.34,NA,1283.7,NA,710.18,NA,329.71,418.21,1370.63,13268
山东省,2002,10275.5,1390,5184.98,3700.52,1390,4518.87,666.11,NA,1142.54,NA,655.64,NA,310.07,371.13,1221.14,11340
山东省,2001,9195.04,1359.49,4556.01,3279.53,1359.49,4004.09,551.92,NA,972.33,NA,657.57,NA,318.34,330.04,1001.25,10195
山东省,2e3,8337.47,1268.57,4164.45,2904.45,1268.57,3665.74,498.71,NA,856.94,NA,545.13,NA,314.25,275.9,912.23,9326
山东省,1999,7493.84,1221,3644.32,2628.52,1221,3197.16,447.16,NA,787.9,NA,484.65,NA,308.43,255.85,791.69,8483
山东省,1998,7021.35,1215.81,3408.06,2397.49,1215.81,3008.45,399.61,NA,735.63,NA,437.37,NA,304.22,240.34,679.92,7968
山东省,1997,6537.07,1195,3147.37,2194.7,1195,2796.02,351.35,NA,664.92,NA,420.49,NA,298.45,222.56,588.27,7461
河南省,2016,40471.79,4286.21,19275.82,16909.76,4439.96,17042.72,2292.04,2987.25,NA,1938.06,NA,1110.87,2256.61,1890.01,6514.27,42575
河南省,2015,37002.16,4209.56,17917.37,14875.23,4348.4,15823.33,2152.25,2609.46,NA,1809.39,NA,1030.8,1991.11,1657.04,5580.37,39123
河南省,2014,34938.24,4160.01,17816.56,12961.67,4259.98,15809.09,2077.24,2278.45,NA,1676.46,NA,998.35,1509.2,1541.76,4786.15,37072
河南省,2013,32191.3,3972.7,16742.9,11475.7,4058.98,14937.72,1881.23,2072.59,NA,1474.19,NA,911.67,1280.92,1489.03,4084.97,34211
河南省,2012,29599.31,3769.54,16672.2,9157.57,3769.54,15017.56,1654.64,1877.82,NA,1151.91,NA,898.36,1013.6,1040.7,3175.18,31499
河南省,2011,26931.03,3512.24,15427.08,7991.72,3512.24,13949.32,1477.76,1586.09,NA,961.5,NA,797.99,868.2,987,2790.94,28661
河南省,2010,23092.36,3258.09,13226.38,6607.89,3258.09,11950.88,1275.5,1293.5,NA,873.3,NA,605.23,697.68,773.23,2364.95,24446
河南省,2009,19480.46,2769.05,11010.5,5700.91,2769.05,9900.27,1110.23,1057.81,NA,823.57,NA,526.51,499.92,622.98,2170.12,20597
河南省,2008,18018.53,2658.78,10259.99,5099.76,2658.78,9328.15,931.84,916.5,NA,802.25,NA,511.71,413.83,512.42,1943.05,19181
河南省,2007,15012.46,2217.66,8282.83,4511.97,2217.66,7508.33,774.5,765.76,NA,866.73,NA,493.4,302.31,447.44,1636.33,16012
河南省,2006,12362.79,1916.74,6724.61,3721.44,1916.74,6031.21,693.4,682.4,NA,739.29,NA,377.94,219.72,348.7,1353.39,13279
河南省,2005,10587.42,1892.01,5514.14,3181.27,1892.01,4896.01,618.13,616.25,NA,625.87,NA,302.23,181.74,298.19,1156.99,11346
河南省,2004,8553.79,1649.29,4182.1,2722.4,1649.29,3644.4,537.7,512.63,NA,560.35,NA,263.32,170.82,236.44,978.84,9201
河南省,2003,6867.7,1198.7,3310.14,2358.86,1198.7,2876.93,433.21,NA,643.7,NA,535.11,NA,165.11,217.58,797.36,7376
河南省,2002,6035.48,1288.36,2768.75,1978.37,1288.36,2412.18,356.57,NA,514.03,NA,470.77,NA,158.77,199.31,635.49,6487
河南省,2001,5533.01,1234.34,2510.45,1788.22,1234.34,2182.78,327.67,NA,460.77,NA,425.2,NA,150.78,183.08,568.39,5959
河南省,2e3,5052.99,1161.58,2294.15,1597.26,1161.58,2000.04,294.11,NA,411.47,NA,378.56,NA,144.81,163.79,498.63,5450
河南省,1999,4517.94,1123.14,1981.07,1413.73,1123.14,1729.29,251.78,NA,362.98,NA,323.55,NA,159.27,144.13,423.8,4832
河南省,1998,4308.24,1071.39,1937.83,1299.02,1071.39,1692.35,245.48,NA,335.85,NA,291.96,NA,155.78,132.57,382.86,4643
河南省,1997,4041.09,1008.55,1861.28,1171.26,1008.55,1641.08,220.2,NA,300.23,NA,262.52,NA,145.12,122.39,341,4389
湖北省,2016,32665.38,3659.33,14654.38,14351.67,3780.8,12536.39,2192.97,2485.05,NA,1297.48,NA,748.61,2318.87,1291.35,6013.85,55665
湖北省,2015,29550.19,3309.84,13503.56,12736.79,3417.3,11532.37,2039.88,2332.27,NA,1242.34,NA,692.21,1853.12,1136.72,5303.96,50654
湖北省,2014,27379.22,3176.89,12852.4,11349.93,3255.95,10992.79,1925.09,2143.21,NA,1181.58,NA,635.32,1372.61,1062.71,4809.96,47145
湖北省,2013,24791.83,3030.27,11786.64,9974.92,3098.16,10139.24,1705.95,1974.25,NA,1078.11,NA,579.73,1179.55,972.4,4064.44,42826
湖北省,2012,22250.45,2848.77,11193.1,8208.58,2848.77,9735.15,1457.95,1687.52,NA,934.96,NA,512.02,870.36,692.82,3510.9,38572
湖北省,2011,19632.26,2569.3,9815.94,7247.02,2569.3,8538.04,1277.9,1512.89,NA,869.48,NA,446.52,674.57,634.67,3108.89,34197
湖北省,2010,15967.61,2147,7767.24,6053.37,2147,6726.53,1040.71,1291.68,NA,753.61,NA,385.11,561.27,564.41,2497.29,27906
湖北省,2009,12961.1,1795.9,6038.08,5127.12,1795.9,5183.68,854.4,979.14,NA,642.72,NA,337.81,479.11,546.11,2142.23,22677
湖北省,2008,11328.92,1780,5082.07,4466.85,1780,4391.23,690.84,852.12,NA,562.46,NA,288.67,393.05,526.88,1843.67,19858
湖北省,2007,9333.4,1378,4143.06,3812.34,1378,3588,555.06,705.56,NA,485.87,NA,228.07,337.27,409.65,1645.92,16386
湖北省,2006,7617.47,1140.41,3365.08,3111.98,1140.41,2929.19,435.89,617.33,NA,431.32,NA,182.51,174.99,294.73,1411.1,13150
湖北省,2005,6590.19,1082.13,2852.12,2655.94,1082.13,2478.66,373.46,556.16,NA,370.36,NA,155.45,127.32,217.17,1229.48,11431
湖北省,2004,5633.24,1020.09,2320.6,2292.55,1020.09,1987.5,333.1,516.08,NA,346.87,NA,139.13,118.85,204.8,966.82,9898
湖北省,2003,4757.45,798.35,1956.02,2003.08,798.35,1682.16,273.86,NA,569.27,NA,384.65,NA,107.31,176.8,765.05,8378
湖北省,2002,4212.82,707,1709.89,1795.93,707,1473,236.89,NA,519.46,NA,347.84,NA,96.95,145.17,686.51,7437
湖北省,2001,3880.53,692.17,1574.39,1613.97,692.17,1360.1,214.29,NA,480.79,NA,316.58,NA,88.48,122.49,605.63,6867
湖北省,2e3,3545.39,662.3,1437.38,1445.71,662.3,1243.24,194.14,NA,449,NA,284.36,NA,81.49,99.4,531.46,6293
湖北省,1999,3229.29,653.99,1314.44,1260.86,653.99,1139.52,174.92,NA,408.59,NA,235.88,NA,78.81,85.01,452.57,5452
湖北省,1998,3114.02,778.22,1199.08,1136.72,778.22,1041.2,157.88,NA,376.94,NA,204.3,NA,74.14,81.78,399.56,5287
湖北省,1997,2856.47,767.92,1071.86,1016.69,767.92,929.91,141.95,NA,352.62,NA,178.65,NA,69.68,69.65,346.09,4884
湖南省,2016,31551.37,3578.37,13341.17,14631.83,3725.9,11337.28,2016.59,2487.8,NA,1356.56,NA,666.12,1272.71,879.62,7808.79,46382
湖南省,2015,28902.21,3331.62,12810.82,12759.77,3462,10945.81,1877.7,2323.67,NA,1291.03,NA,603.77,1104.18,751.81,6542.25,42754
湖南省,2014,27037.32,3148.75,12482.06,11406.51,3266.89,10749.88,1744.86,2211.82,NA,1257.64,NA,545.69,950.04,673.38,5637.13,40271
湖南省,2013,24621.67,2990.31,11553.97,10077.39,3099.23,10001,1564.93,2031.81,NA,1172.31,NA,501.67,758.9,642.19,4849.63,36943
湖南省,2012,22154.23,3004.21,10506.42,8643.6,3004.21,9138.5,1367.92,1849.04,NA,1077.65,NA,460.7,579.76,568.52,4107.93,33480
湖南省,2011,19669.56,2768.03,9361.99,7539.54,2768.03,8122.75,1239.24,1662.34,NA,948.82,NA,406.87,501.09,518.04,3502.38,29880
湖南省,2010,16037.96,2325.5,7343.19,6369.27,2325.5,6305.11,1038.08,1434.68,NA,832.28,NA,354.91,463.16,464.21,2820.03,24719
湖南省,2009,13059.69,1969.69,5687.19,5402.81,1969.69,4819.4,867.79,1221.2,NA,704.83,NA,304.93,402.57,400.11,2369.17,20428
湖南省,2008,11555,1892.4,5028.93,4633.67,1892.4,4310.12,718.81,975.46,NA,624.68,NA,280.99,334.32,340.07,2078.15,18147
湖南省,2007,9439.6,1626.48,3977.72,3835.4,1626.48,3397.69,580.03,771.73,NA,517.67,NA,224.81,260.14,301.8,1759.25,14869
湖南省,2006,7688.67,1272.2,3187.05,3229.42,1272.2,2707.61,479.44,634.69,NA,440.96,NA,176.21,204.72,254.81,1518.03,11830
湖南省,2005,6596.1,1100.65,2612.57,2882.88,1100.65,2195.33,417.24,587.21,NA,386.96,NA,155.32,162.37,215.63,1375.39,10426
湖南省,2004,5641.94,1022.45,2190.54,2428.95,1022.45,1824.11,366.43,495.72,NA,333.6,NA,126.74,118.64,191.5,1162.75,9165
湖南省,2003,4659.99,886.47,1777.74,1995.78,886.47,1484.98,292.76,NA,458.07,NA,373.27,NA,99.35,186.49,878.6,7589
湖南省,2002,4151.54,847.25,1523.5,1780.79,847.25,1265.72,257.78,NA,416.15,NA,333.51,NA,92.43,165.29,773.41,6734
湖南省,2001,3831.9,825.73,1412.82,1593.35,825.73,1180.43,232.39,NA,377.18,NA,303.88,NA,91.71,138.41,682.17,6120
湖南省,2e3,3551.49,784.92,1293.18,1473.39,784.92,1094.76,198.42,NA,342.3,NA,288.16,NA,88.88,131.58,622.47,5425
湖南省,1999,3214.54,778.25,1192.99,1243.3,778.25,1010.53,182.46,NA,311.68,NA,246.08,NA,86.57,105.5,493.47,4933
湖南省,1998,3025.53,828.31,1123.08,1074.14,828.31,960.7,162.38,NA,289.06,NA,220.86,NA,85.44,89.28,389.5,4667
湖南省,1997,2849.27,855.75,1041.79,951.73,855.75,903.9,137.89,NA,268.06,NA,198.66,NA,82.66,75.47,326.88,4420
广东省,2016,80854.91,3694.37,35109.66,42050.88,3781.83,32650.89,2551.82,8382.48,NA,3209.72,NA,1569.37,6127.05,6229.5,16352.25,74016
广东省,2015,72812.55,3345.54,32613.54,36853.47,3425.4,30259.49,2441.85,7625.98,NA,2928.9,NA,1447.48,5757.08,5117.95,13807.71,67503
广东省,2014,67809.85,3166.82,31419.75,33223.28,3242.42,29144.15,2341.18,7778.82,NA,2740.76,NA,1333.81,4447.43,4486.92,12294.21,63469
广东省,2013,62474.79,2977.13,28994.22,30503.44,3047.51,26894.54,2161.1,7323.55,NA,2450.51,NA,1257.44,4122.81,4207.46,11009.87,58833
广东省,2012,57067.92,2847.26,27700.97,26519.69,2847.26,25810.07,1890.9,6333.62,NA,2367.46,NA,1308.4,3171.96,3643.87,9694.37,54095
广东省,2011,53210.28,2665.2,26447.38,24097.7,2665.2,24649.6,1797.78,5681.17,NA,2090.36,NA,1192.28,2916.13,3321.31,8896.45,50807
广东省,2010,46013.06,2286.98,23014.53,20711.55,2286.98,21462.72,1551.81,4647.76,NA,1825.29,NA,1074.85,2658.76,2813.95,7690.94,44736
广东省,2009,39482.56,2010.27,19419.7,18052.59,2010.27,18091.56,1328.14,3907.43,NA,1595.34,NA,945.76,2283.29,2470.63,6850.14,39436
广东省,2008,36796.71,1973.05,18502.2,16321.46,1973.05,17304.79,1197.41,3476.44,NA,1634.45,NA,848.4,1972.4,2057.45,6332.32,37638
广东省,2007,31777.01,1695.57,16004.61,14076.83,1695.57,14942.91,1061.7,2912.3,NA,1418.57,NA,717.6,1705.08,2029.77,5293.51,33272
广东省,2006,26587.76,1532.17,13469.77,11585.82,1532.17,12518.59,951.18,2606.79,NA,1208.82,NA,614.35,899.91,1722.07,4533.88,28077
广东省,2005,22557.37,1428.27,11356.6,9772.5,1428.27,10489.73,866.87,2250.66,NA,1031.93,NA,520.92,661.81,1430.37,3876.81,24435
广东省,2004,18864.62,1248.59,9280.73,8335.3,1248.59,8485.85,794.88,1989.53,NA,859.72,NA,448.57,602.68,1103.75,3331.05,20870
广东省,2003,15844.64,1072.91,7592.78,7178.94,1072.91,6886.97,705.81,NA,2009.33,NA,1263.39,NA,534.28,955.66,2416.28,17795
广东省,2002,13502.42,1015.08,6143.4,6343.94,1015.08,5548.41,594.99,NA,1761.27,NA,1206.2,NA,454.65,808.16,2113.66,15361
广东省,2001,12039.25,988.84,5506.06,5544.35,988.84,4941.2,564.86,NA,1543.83,NA,1114.18,NA,450.81,696.41,1739.13,13849
广东省,2e3,10741.25,986.32,4999.51,4755.42,986.32,4463.06,536.45,NA,1371.49,NA,938.74,NA,443.69,626.1,1375.4,12736
广东省,1999,9250.68,1009.01,4359,3882.66,1009.01,3832.44,526.56,NA,1174.76,NA,766.84,NA,331.1,505.74,1104.22,11415
广东省,1998,8530.88,994.55,4067.12,3469.21,994.55,3564.25,502.87,NA,1073.36,NA,705.98,NA,306.39,419.76,963.72,10819
广东省,1997,7774.53,978.32,3704.39,3091.81,978.32,3235.42,468.97,NA,944.61,NA,642.37,NA,302.87,342.54,859.42,10130
广西壮族自治区,2016,18317.64,2796.8,8273.66,7247.18,2873.47,6816.64,1458.41,1215.06,NA,855.67,NA,398.17,1136.85,749.04,2814.33,38027
广西壮族自治区,2015,16803.12,2565.45,7717.52,6520.15,2634.3,6359.82,1358.56,1135.09,NA,803.1,NA,373.03,1018.01,657.3,2465.24,35190
广西壮族自治区,2014,15672.89,2413.44,7324.96,5934.49,2472.75,6065.34,1263.87,1112.96,NA,733.63,NA,364.15,876.47,593.01,2189.52,33090
广西壮族自治区,2013,14449.9,2290.64,6731.32,5427.94,2343.58,5600.5,1134.24,1083.06,NA,677.77,NA,359.57,777.6,551.18,1922.4,30741
广西壮族自治区,2012,13035.1,2172.37,6247.43,4615.3,2172.37,5279.26,968.17,982.18,NA,625.57,NA,364.46,573.05,489.43,1580.59,27952
广西壮族自治区,2011,11720.87,2047.23,5675.32,3998.33,2047.23,4851.37,823.95,803.48,NA,588.2,NA,307.88,445.37,465.68,1387.72,25326
广西壮族自治区,2010,9569.85,1675.06,4511.68,3383.11,1675.06,3860.46,651.22,656.83,NA,480.17,NA,241.34,384.53,405.79,1214.46,20219
广西壮族自治区,2009,7759.16,1458.49,3381.54,2919.13,1458.49,2863.84,517.7,551.14,NA,378.75,NA,208,336.82,348.98,1095.45,16045
广西壮族自治区,2008,7021,1453.75,3037.74,2529.51,1453.75,2627.39,410.35,467.04,NA,337.3,NA,197.73,249.01,282.96,995.47,14652
广西壮族自治区,2007,5823.41,1241.35,2425.29,2156.76,1241.35,2090.1,335.19,415.16,NA,266.9,NA,168.21,190.73,239.45,876.31,12277
广西壮族自治区,2006,4746.16,1032.47,1878.56,1835.12,1032.47,1592.33,286.23,382.97,NA,235.72,NA,132.27,129.14,192.2,762.82,10240
广西壮族自治区,2005,3984.1,912.5,1510.68,1560.92,912.5,1264.84,245.84,343.74,NA,213.99,NA,112.06,91.93,165.05,634.15,8788
广西壮族自治区,2004,3433.5,817.88,1253.7,1361.92,817.88,1044.8,208.9,336.69,NA,211.15,NA,99.28,74,122.52,518.28,7461
广西壮族自治区,2003,2821.11,658.78,984.08,1178.25,658.78,813.79,170.29,NA,375.96,NA,240.89,NA,61.59,100.93,398.88,6169
广西壮族自治区,2002,2523.73,601.99,846.89,1074.85,601.99,699.15,147.74,NA,342.28,NA,220.24,NA,35.86,82.83,393.64,5558
广西壮族自治区,2001,2279.34,576.34,771.18,931.82,576.34,639.55,131.64,NA,312.68,NA,183.95,NA,27.4,70.05,337.74,5058
广西壮族自治区,2e3,2080.04,557.38,732.76,789.9,557.38,612.33,120.43,NA,290.02,NA,158.12,NA,21.39,51.27,269.1,4652
广西壮族自治区,1999,1971.41,567.72,682.34,721.35,567.72,570.76,111.58,NA,267.96,NA,143.86,NA,17.27,45.76,246.5,4444
广西壮族自治区,1998,1911.3,586.7,667.29,657.31,586.7,561.34,105.95,NA,247.04,NA,124.42,NA,13.02,37.77,235.06,4346
广西壮族自治区,1997,1817.25,582.74,614.07,620.44,582.74,524.49,89.58,NA,223.52,NA,120.06,NA,17.42,31.31,228.13,3928
海南省,2016,4053.2,948.35,905.95,2198.9,977.63,482.5,424.5,467.8,NA,199.89,NA,191.96,281.9,349.95,677.07,44347
海南省,2015,3702.76,854.72,875.82,1972.22,881.7,485.85,390.41,440.75,NA,187.8,NA,174.14,242.82,299.69,600.78,40818
海南省,2014,3500.72,809.52,875.97,1815.23,832.76,514.4,362.77,418.09,NA,185.15,NA,154.66,210.63,295.56,526.82,38924
海南省,2013,3177.56,736.03,797.39,1644.14,756.3,472.38,326.11,361.1,NA,148.35,NA,139.03,187.14,301.69,485.46,35663
海南省,2012,2855.54,711.54,804.47,1339.53,711.54,521.15,283.32,300.52,NA,133.4,NA,98.96,130.69,238.11,437.85,32377
海南省,2011,2522.66,659.23,714.5,1148.93,659.23,475.04,239.46,258.06,NA,119.74,NA,89.75,105.24,208.71,367.43,28898
海南省,2010,2064.5,539.83,571,953.67,539.83,385.21,185.79,220.65,NA,101.9,NA,69.45,78.12,188.33,295.22,23831
海南省,2009,1654.21,462.19,443.43,748.59,462.19,300.63,142.8,168.75,NA,88.68,NA,60.22,65.73,121.76,243.45,19254
海南省,2008,1503.06,436.04,423.55,643.47,436.04,308.89,114.66,144.68,NA,82.59,NA,55.02,47.33,95.6,218.25,17691
海南省,2007,1254.17,361.07,364.26,528.84,361.07,278.37,85.89,119.53,NA,76.83,NA,43.63,34.43,67.19,187.23,14923
海南省,2006,1065.67,323.48,308.62,433.57,323.48,238.31,70.31,103.19,NA,70.38,NA,35.1,16.37,44.45,164.08,12650
海南省,2005,918.75,300.75,240.83,377.17,300.75,176.92,63.91,91.27,NA,61.87,NA,28.4,13.16,38.2,144.27,10871
海南省,2004,819.66,278.76,205.6,335.3,278.76,151.56,54.04,82.52,NA,57.63,NA,24.39,11.56,30.64,128.56,9812
海南省,2003,713.96,244.29,175.82,293.85,244.29,132.26,43.56,NA,85.64,NA,66.54,NA,10.68,25.14,105.85,8592
海南省,2002,642.73,222.89,148.88,270.96,222.89,111.42,37.46,NA,78.65,NA,61.97,NA,10.08,21.45,98.82,7781
海南省,2001,579.17,196.78,133.84,248.56,196.78,97.86,35.98,NA,74.08,NA,57.13,NA,9.75,18.81,88.78,7052
海南省,2e3,526.82,192,103.97,230.85,192,70.46,33.51,NA,70.3,NA,52.45,NA,9.27,16.62,82.2,6798
海南省,1999,476.67,172.62,96.02,208.04,172.62,63.37,32.65,NA,64.88,NA,46.94,NA,8.98,14.62,72.62,6294
海南省,1998,442.13,156.05,91.41,194.66,156.05,59.09,32.32,NA,61.9,NA,43.76,NA,8.78,12.91,67.31,5912
海南省,1997,411.16,148.52,83.13,179.51,148.52,52.05,31.08,NA,58.93,NA,34.57,NA,8.58,11.3,66.13,5567
重庆市,2016,17740.59,1303.24,7898.92,8538.43,1324.66,6183.8,1715.12,1470.85,NA,848.22,NA,391.19,1642.59,926.19,3237.97,58502
重庆市,2015,15717.27,1150.15,7069.37,7497.75,1168.7,5557.52,1511.85,1345.38,NA,761.31,NA,355.76,1410.18,847.72,2758.88,52321
重庆市,2014,14262.6,1061.03,6529.06,6672.51,1076.72,5175.8,1353.26,1229.88,NA,705.83,NA,321.64,1225.27,817.04,2357.16,47850
重庆市,2013,12783.26,1002.68,5812.29,5968.29,1016.74,4632.15,1180.14,1117.79,NA,659.65,NA,290.93,1080.14,743.59,2062.13,43223
重庆市,2012,11409.6,940.01,5975.18,4494.41,940.01,4981.01,994.17,847.99,NA,515.15,NA,189.98,915.65,620.17,1405.47,38914
重庆市,2011,10011.37,844.52,5543.04,3623.81,844.52,4690.46,852.58,747.3,NA,456.25,NA,166.31,704.66,396.28,1153.01,34500
重庆市,2010,7925.58,685.38,4359.12,2881.08,685.38,3697.83,661.29,624.33,NA,389.55,NA,142.11,496.56,266.38,962.15,27596
重庆市,2009,6530.01,606.8,3448.77,2474.44,606.8,2917.4,531.37,524.36,NA,347.98,NA,132.88,389.97,229.09,850.16,22920
重庆市,2008,5793.66,575.4,3057.78,2160.48,575.4,2607.15,450.63,449.32,NA,309.59,NA,111.63,303.01,191.21,795.72,20490
重庆市,2007,4676.13,482.39,2368.53,1825.21,482.39,2004.51,364.02,366.19,NA,265.74,NA,91.85,247.46,196.06,657.91,16629
重庆市,2006,3907.23,386.38,1871.65,1649.2,386.38,1566.83,304.82,314.33,NA,259.59,NA,77.24,213.7,158.2,626.14,12437
重庆市,2005,3467.72,463.4,1564,1440.32,463.4,1293.81,270.19,277.68,NA,218.97,NA,66.56,185.18,143.88,548.05,10982
重庆市,2004,3034.58,428.05,1376.91,1229.62,428.05,1132.7,244.21,246.52,NA,190.62,NA,57.67,162.38,129.12,443.31,9624
重庆市,2003,2555.72,339.06,1135.31,1081.35,339.06,933.75,201.56,NA,216.35,NA,167.22,NA,147.04,113.69,389.94,8091
重庆市,2002,2232.86,317.87,958.87,956.12,317.87,787.94,170.93,NA,195.64,NA,151.54,NA,134.52,90.48,341.58,7052
重庆市,2001,1976.86,294.9,841.95,840.01,294.9,695.44,146.51,NA,178.39,NA,128.26,NA,125.9,76.38,292.62,6219
重庆市,2e3,1791,284.87,760.03,746.1,284.87,633.98,126.05,NA,163.38,NA,101.25,NA,118.53,65.45,261.56,5616
重庆市,1999,1663.2,286.16,697.81,679.23,286.16,589.52,108.29,NA,151.89,NA,94.39,NA,120.18,50.69,228.46,5804
重庆市,1998,1602.38,300.89,675.64,625.85,300.89,574.41,101.23,NA,142.99,NA,87.08,NA,126.66,45,192.44,5579
重庆市,1997,1509.75,307.21,650.4,552.14,307.21,567.88,82.52,NA,130.86,NA,81.14,NA,116.53,32.6,160.1,5253
四川省,2016,32934.54,3929.33,13448.92,15556.29,4005.42,11058.79,2472.96,2138.45,NA,1472.57,NA,941.28,2729.45,1516.61,6599.01,40003
四川省,2015,30053.1,3677.3,13248.08,13127.72,3745.3,11039.08,2321.38,1871.55,NA,1219.77,NA,859.49,2202.23,1252.2,5542.08,36775
四川省,2014,28536.66,3531.05,13962.41,11043.2,3594.17,11851.99,2225.44,1586.78,NA,1067.98,NA,751.28,1828.09,1064.74,4566.19,35128
四川省,2013,26392.07,3368.66,13472.05,9551.36,3425.61,11540.86,2038.17,1472.59,NA,751.55,NA,685.84,1712.77,762.77,4001.91,32617
四川省,2012,23872.8,3297.21,12333.28,8242.31,3297.21,10550.53,1782.75,1342.25,NA,707.19,NA,621.72,1303.56,703.51,3564.08,29608
四川省,2011,21026.68,2983.51,11029.13,7014.04,2983.51,9491.05,1538.08,1186.58,NA,638.76,NA,562.63,868.15,620.62,3137.3,26133
四川省,2010,17185.48,2482.89,8672.18,6030.41,2482.89,7431.45,1240.73,1016.03,NA,573.75,NA,478.42,654.7,558.56,2748.95,21182
四川省,2009,14151.28,2240.61,6711.87,5198.8,2240.61,5678.24,1033.63,868.98,NA,520.71,NA,405.45,524.63,548.14,2330.89,17339
四川省,2008,12601.23,2216.15,5823.39,4561.69,2216.15,4956.13,867.26,736.42,NA,550.68,NA,335.13,411.14,453.63,2074.69,15495
四川省,2007,10562.39,2032,4648.79,3881.6,2032,3921.41,727.38,624.74,NA,511.49,NA,299.75,359.11,376.84,1709.67,12963
四川省,2006,8690.24,1595.48,3775.14,3319.62,1595.48,3144.67,630.47,537.68,NA,456.17,NA,255.19,299.5,336.2,1434.88,10546
四川省,2005,7385.1,1481.14,3067.23,2836.73,1481.14,2527.08,540.15,475.16,NA,380.27,NA,221.42,262.26,286.23,1211.39,9060
四川省,2004,6379.63,1379.93,2489.4,2510.3,1379.93,2013.8,475.6,425.54,NA,334.5,NA,195.1,236.5,264.3,1054.36,7895
四川省,2003,5333.09,1128.61,2014.8,2189.68,1128.61,1604.49,410.31,NA,540.92,NA,302.44,NA,206.24,231.72,908.36,6623
四川省,2002,4725.01,1047.95,1733.38,1943.68,1047.95,1372.64,360.74,NA,492.53,NA,271.19,NA,183.13,210.82,786.01,5890
四川省,2001,4293.49,981.67,1572.01,1739.81,981.67,1253.19,318.82,NA,445.46,NA,248.34,NA,168.86,198.6,678.55,5376
四川省,2e3,3928.2,945.58,1433.11,1549.51,945.58,1154.46,278.65,NA,403.34,NA,217.41,NA,153.05,180.05,595.66,4956
四川省,1999,3649.12,926.03,1349.63,1373.46,926.03,1099.48,250.15,NA,380.09,NA,179.25,NA,118.32,165.17,530.63,4540
四川省,1998,3474.09,912.24,1324.01,1237.84,912.24,1076.35,247.66,NA,353.92,NA,165.91,NA,108.45,148.09,461.47,4294
四川省,1997,3241.47,880.28,1265.32,1095.87,880.28,1055.21,210.11,NA,334.42,NA,145.08,NA,93.19,124.13,399.05,4032
贵州省,2016,11776.73,1846.19,4669.53,5261.01,1944.32,3715.64,955.44,732.71,NA,987.47,NA,400.93,689.4,249.2,2101.63,33246
贵州省,2015,10502.56,1640.61,4147.83,4714.12,1712.7,3315.58,833.44,671.39,NA,920.36,NA,360.38,607.11,232.07,1849.58,29847
贵州省,2014,9266.39,1280.45,3857.44,4128.5,1311.08,3140.88,717.69,624.17,NA,828.69,NA,322.71,491.65,220.48,1604.04,26437
贵州省,2013,8086.86,998.47,3276.24,3812.15,1031.7,2686.52,590.69,582.05,NA,772.44,NA,294.86,444.53,202.94,1481.13,23151
贵州省,2012,6852.2,891.91,2677.54,3282.75,891.91,2217.06,460.48,514.49,NA,687.45,NA,266.58,365.87,176.75,1271.61,19710
贵州省,2011,5701.84,726.22,2194.33,2781.29,726.22,1829.2,365.13,448.77,NA,590.91,NA,224.4,297.27,160.3,1059.64,16413
贵州省,2010,4602.16,625.03,1800.06,2177.07,625.03,1516.87,283.19,367.52,NA,480.32,NA,180.73,231.51,139.64,777.35,13119
贵州省,2009,3912.68,550.27,1476.62,1885.79,550.27,1252.67,223.95,293.53,NA,399.77,NA,153.41,194.44,136.15,708.49,10971
贵州省,2008,3561.56,539.19,1370.03,1652.34,539.19,1195.3,174.73,248.83,NA,370.65,NA,130.41,151.55,104.81,646.09,9855
贵州省,2007,2884.11,446.38,1124.79,1312.94,446.38,978.86,145.93,198.79,NA,282.04,NA,90.09,122.25,93.19,526.58,7878
贵州省,2006,2338.98,382.06,967.54,989.38,382.06,839.13,128.41,161.7,NA,192.95,NA,57.07,89.43,80.24,407.99,5750
贵州省,2005,2005.42,368.94,821.16,815.32,368.94,707.35,113.81,137.4,NA,138.65,NA,43.85,73.67,76.38,345.37,5052
贵州省,2004,1677.8,334.5,681.5,661.8,334.5,577.4,104.1,116.78,NA,96.7,NA,27.09,60.3,68.3,292.63,4317
贵州省,2003,1426.34,298.69,569.37,558.28,298.69,473.38,95.99,NA,116.05,NA,119.26,NA,48.01,59.86,215.1,3701
贵州省,2002,1243.43,281.1,481.96,480.37,281.1,395.45,86.51,NA,100.61,NA,102.48,NA,41.45,53.49,182.34,3257
贵州省,2001,1133.27,274.41,433.52,425.34,274.41,360.73,72.79,NA,89.67,NA,88.47,NA,37.24,45.32,164.64,3e3
贵州省,2e3,1029.92,271.2,391.2,367.52,271.2,328.73,62.47,NA,83.72,NA,75.86,NA,36.07,37.05,134.82,2759
贵州省,1999,937.5,267.75,350.41,319.34,267.75,294.42,55.99,NA,80.61,NA,59.17,NA,33.3,24.11,122.15,2545
贵州省,1998,858.39,265.04,319.4,273.95,265.04,273.82,45.58,NA,76.37,NA,29.14,NA,40.08,16.16,112.2,2364
贵州省,1997,805.79,271.96,288.99,244.84,271.96,251.1,37.89,NA,68.81,NA,23.51,NA,44.22,12.78,95.52,2250
云南省,2016,14788.42,2195.11,5690.16,6903.15,2242.22,3891.2,1806.22,1441.95,NA,328.41,NA,478.34,1092.6,303.96,3203.52,31093
云南省,2015,13619.17,2055.78,5416.12,6147.27,2098.2,3848.26,1574.77,1334.62,NA,304.49,NA,437.79,981.85,282.51,2756.63,28806
云南省,2014,12814.59,1990.07,5281.82,5542.7,2027.94,3898.97,1389.66,1246.53,NA,288.47,NA,413.41,860.98,275.97,2412.66,27264
云南省,2013,11832.31,1860.8,4939.21,5032.3,1895.16,3763.57,1182.14,1162.17,NA,273.16,NA,373.24,725.9,262.84,2194.13,25322
云南省,2012,10309.47,1654.55,4419.2,4235.72,1654.55,3450.72,968.48,1039.64,NA,247.53,NA,330.67,541.18,243.03,1833.67,22195
云南省,2011,8893.12,1411.01,3780.32,3701.79,1411.01,2994.3,786.02,932.21,NA,217.22,NA,278.2,456.23,222.31,1595.62,19265
云南省,2010,7224.18,1108.38,3223.49,2892.31,1108.38,2604.07,619.42,685.38,NA,193.26,NA,190.34,375.08,223.45,1224.8,15752
云南省,2009,6169.75,1067.6,2582.53,2519.62,1067.6,2088.17,494.36,571.03,NA,179.45,NA,162.1,351.74,205.14,1050.16,13539
云南省,2008,5692.12,1020.56,2452.75,2218.81,1020.56,2051.73,401.02,468.42,NA,164.98,NA,149.03,277.66,195.48,963.24,12570
云南省,2007,4772.52,837.35,2038.39,1896.78,837.35,1696.29,342.1,342.93,NA,195.22,NA,123.17,168.55,193.59,873.32,10609
云南省,2006,3988.14,724.4,1705.83,1557.91,724.4,1401.57,304.26,298.61,NA,174.5,NA,93.54,143.62,165.92,681.72,8961
云南省,2005,3462.73,661.69,1426.42,1374.62,661.69,1168.68,257.74,290.5,NA,131.56,NA,98.51,130.5,148.69,574.86,7835
云南省,2004,3081.91,607.75,1281.63,1192.53,607.75,1066.41,215.22,238.3,NA,149.8,NA,60.2,118.4,116.54,509.29,7012
云南省,2003,2556.02,494.6,1047.66,1013.76,494.6,882.08,165.58,NA,244.87,NA,176.38,NA,105.48,103.79,383.24,5871
云南省,2002,2312.82,463.44,934.88,914.5,463.44,788.44,146.44,NA,239.25,NA,154.71,NA,102.39,95.68,322.47,5366
云南省,2001,2138.31,444.42,868.06,825.83,444.42,730.81,137.25,NA,221.24,NA,142.34,NA,86.25,88.58,287.42,5015
云南省,2e3,2011.19,431.8,833.25,746.14,431.8,704,129.25,NA,216.33,NA,123.23,NA,79.04,83.2,244.34,4769
云南省,1999,1899.82,406.87,811.9,681.05,406.87,686.09,125.81,NA,194.42,NA,110.48,NA,79.73,60.51,235.91,4558
云南省,1998,1831.33,403.43,818.26,609.64,403.43,705.55,112.71,NA,183.14,NA,90.76,NA,102.51,30.42,202.81,4446
云南省,1997,1676.17,387.02,743.82,545.33,387.02,657.05,86.77,NA,169.34,NA,77.37,NA,99.98,26.9,171.74,4121
西藏自治区,2016,1151.41,115.78,429.17,606.46,118.76,86.44,342.73,70.35,NA,31.26,NA,33.07,93.05,33.47,342.28,35184
西藏自治区,2015,1026.39,98.04,376.19,552.16,99.2,69.88,306.31,67.7,NA,31.76,NA,32.08,68.05,29.33,320.52,31999
西藏自治区,2014,920.83,91.64,336.84,492.35,93.74,66.16,270.68,64.11,NA,30.8,NA,28.97,55.58,28.8,281.79,29252
西藏自治区,2013,815.67,84.68,292.92,438.07,86.83,61.16,231.76,58.9,NA,29.21,NA,25.47,41.75,22.54,258.05,26326
西藏自治区,2012,701.03,80.38,242.85,377.8,80.38,55.35,187.5,42.75,NA,26.23,NA,23.78,32.04,20.77,232.23,22936
西藏自治区,2011,605.83,74.47,208.79,322.57,74.47,48.18,160.61,34.25,NA,23.95,NA,17.75,31.7,17.44,197.48,20077
西藏自治区,2010,507.46,68.72,163.92,274.82,68.72,39.73,124.19,31.43,NA,22.12,NA,15.75,27.08,14.54,163.9,17027
西藏自治区,2009,441.36,63.88,136.63,240.85,63.88,33.11,103.52,27.06,NA,21.19,NA,14.7,23.17,13.28,141.45,15008
西藏自治区,2008,394.85,60.62,115.56,218.67,60.62,29.48,86.08,22.24,NA,19.13,NA,11.72,22.42,15.08,128.08,13588
西藏自治区,2007,341.43,54.89,98.48,188.06,54.89,27.62,70.86,21.41,NA,16.8,NA,12.89,11.51,13.24,112.21,12083
西藏自治区,2006,290.76,50.9,80.1,159.76,50.9,21.71,58.39,19.66,NA,14.06,NA,11.62,6.44,11.92,96.06,10396
西藏自治区,2005,248.8,48.04,63.52,137.24,48.04,17.48,46.04,17.93,NA,9,NA,9.54,7.57,10.02,83.18,9114
西藏自治区,2004,220.34,44.3,52.74,123.3,44.3,16.1,36.64,16.7,NA,9.8,NA,11.7,5.4,5.8,73.9,8103
西藏自治区,2003,185.09,40.7,47.64,96.76,40.7,13.82,33.82,NA,20.66,NA,19.48,NA,4.74,4.35,47.52,6893
西藏自治区,2002,162.04,39.75,32.72,89.56,39.75,11.65,21.07,NA,21.02,NA,11.08,NA,2.81,3.42,51.22,6117
西藏自治区,2001,139.16,37.54,31.97,69.65,37.54,10.88,21.09,NA,16.8,NA,4.86,NA,3.26,2.55,42.19,5324
西藏自治区,2e3,117.8,36.39,27.05,54.37,36.39,10.17,16.88,NA,14.33,NA,2.15,NA,2.48,2.18,33.23,4572
西藏自治区,1999,105.98,34.25,23.86,47.86,34.25,9.5,14.36,NA,12.87,NA,7.47,NA,2.15,0.34,25.02,4180
西藏自治区,1998,91.5,31.37,20.14,39.99,31.37,9.05,11.09,NA,11.27,NA,5.15,NA,1.71,0.28,21.58,3666
西藏自治区,1997,77.24,29.23,16.88,31.13,29.23,8.16,8.72,NA,9.32,NA,4.15,NA,0.68,0.19,16.79,3144
陕西省,2016,19399.59,1693.85,9490.72,8215.02,1776.29,7598,1943.2,1604.4,NA,771.77,NA,457.63,1181.54,747.17,3319.59,51015
陕西省,2015,18021.86,1597.63,9082.13,7342.1,1673.2,7344.62,1780.85,1504.04,NA,713.02,NA,432.02,1082.37,695.53,2796.19,47626
陕西省,2014,17689.94,1564.94,9577.24,6547.76,1635.85,7993.39,1645.65,1413.16,NA,675.66,NA,365.85,948.93,579.44,2432.01,46929
陕西省,2013,16205.45,1460.97,8912.34,5832.14,1526.05,7507.34,1452.79,1289.6,NA,611.11,NA,338.51,738.52,518.6,2222.93,43117
陕西省,2012,14453.68,1370.16,8073.87,5009.65,1370.16,6847.41,1226.46,1166.9,NA,617.39,NA,312.27,551.2,450.12,1911.77,38564
陕西省,2011,12512.3,1220.9,6935.59,4355.81,1220.9,5857.92,1077.67,1036.35,NA,552.54,NA,266.92,432.11,398.03,1669.86,33464
陕西省,2010,10123.48,988.45,5446.1,3688.93,988.45,4558.97,887.13,856.65,NA,474.6,NA,218.16,384.75,315.95,1438.82,27133
陕西省,2009,8169.8,789.64,4236.42,3143.74,789.64,3501.25,735.17,707.39,NA,423.24,NA,175.01,336.21,239.92,1261.97,21947
陕西省,2008,7314.58,753.72,3861.12,2699.74,753.72,3274.57,586.55,568.68,NA,378.63,NA,165.35,287.16,193.27,1106.65,19700
陕西省,2007,5757.29,592.63,2986.46,2178.2,592.63,2544.42,442.04,449.39,NA,326.99,NA,132.66,231.03,153.98,884.15,15546
陕西省,2006,4743.61,484.81,2452.44,1806.36,484.81,2094.02,358.42,391.68,NA,291.76,NA,107.03,152.25,125.2,738.44,11762
陕西省,2005,3933.72,435.77,1951.36,1546.59,435.77,1650.63,300.73,322.13,NA,246.48,NA,88.23,127.58,108.62,653.55,9899
陕西省,2004,3175.58,387.88,1553.1,1234.6,387.88,1306.5,246.6,264.8,NA,204.88,NA,64.6,90.1,95.9,514.32,8587
陕西省,2003,2587.72,302.66,1221.17,1063.89,302.66,1006.92,214.25,NA,256.16,NA,217.5,NA,77.87,83.9,428.46,7028
陕西省,2002,2253.39,282.21,1007.56,963.62,282.21,819.51,188.05,NA,228.35,NA,203.15,NA,67.3,77.68,387.14,6145
陕西省,2001,2010.62,263.63,878.82,868.17,263.63,706.62,172.2,NA,202.17,NA,182.96,NA,58.16,68.11,356.77,5506
陕西省,2e3,1804,258.22,782.58,763.2,258.22,629.88,152.7,NA,175.62,NA,151.75,NA,50.27,59.42,326.14,4968
陕西省,1999,1592.64,254.57,681.43,656.64,254.57,549.01,132.42,NA,152.28,NA,127.03,NA,43.44,47.18,286.71,4415
陕西省,1998,1458.4,266.92,607.82,583.66,266.92,500.26,107.56,NA,138.05,NA,115.32,NA,37.55,41.36,251.38,4070
陕西省,1997,1363.6,255.42,567.25,540.93,255.42,477.35,89.9,NA,130.64,NA,111.71,NA,32.45,33.62,232.51,3834
甘肃省,2016,7200.37,983.39,2515.56,3701.42,1027.73,1757.53,776.35,536.7,NA,271.25,NA,213.7,507.02,259.89,1850.21,27643
甘肃省,2015,6790.32,954.09,2494.77,3341.46,996,1778.1,730.88,508,NA,274.65,NA,196.37,443.12,244.82,1618.86,26165
甘肃省,2014,6836.82,900.76,2926.45,3009.61,939.21,2263.2,681.34,491.68,NA,280.73,NA,178.23,364.84,234.14,1403.49,26433
甘肃省,2013,6330.69,844.69,2745.35,2740.65,879.87,2155.22,607.37,440.31,NA,267.18,NA,159.64,294.18,218.39,1308.54,24539
甘肃省,2012,5650.2,780.5,2600.09,2269.61,780.5,2070.24,529.85,398.52,NA,319.66,NA,141.68,184.43,146.32,1079,21978
甘肃省,2011,5020.37,678.75,2377.83,1963.79,678.75,1923.95,453.88,351.97,NA,280.33,NA,123.61,145.05,134.25,928.58,19595
甘肃省,2010,4120.75,599.28,1984.97,1536.5,599.28,1602.87,382.1,272.13,NA,227.18,NA,97.4,100.54,110.02,729.23,16113
甘肃省,2009,3387.56,497.05,1527.24,1363.27,497.05,1203.7,323.54,231.21,NA,213.64,NA,88.52,88.27,101.37,640.26,13269
甘肃省,2008,3166.82,462.27,1470.34,1234.21,462.27,1188.78,281.56,196.93,NA,211.11,NA,77.21,72.49,93.8,582.67,12421
甘肃省,2007,2703.98,387.55,1279.32,1037.11,387.55,1063.84,215.48,166.85,NA,181.24,NA,68.21,61.6,83.52,475.69,10614
甘肃省,2006,2277.35,334,1043.19,900.16,334,868.13,175.06,145.89,NA,169.58,NA,59.56,50.51,73.21,401.41,8749
甘肃省,2005,1933.98,308.06,838.56,787.36,308.06,685.8,152.76,130.78,NA,144.7,NA,53.53,44.73,63.78,349.84,7477
甘肃省,2004,1688.49,286.78,713.3,688.41,286.78,574,139.3,117.54,NA,121.91,NA,47.75,42.99,56.84,301.38,6566
甘肃省,2003,1399.83,237.91,572.02,589.91,237.91,448.23,123.78,NA,140.18,NA,124.99,NA,42.31,48.09,234.34,5429
甘肃省,2002,1232.03,215.51,501.69,514.83,215.51,389.38,112.31,NA,129.91,NA,107.01,NA,42.08,41.52,194.31,4768
甘肃省,2001,1125.37,207.96,458.08,459.34,207.96,355.51,102.56,NA,121.28,NA,89,NA,42.47,36.73,169.86,4386
甘肃省,2e3,1052.88,194.1,421.65,437.13,194.1,327.6,94.04,NA,112.81,NA,78.38,NA,42.84,32.29,170.81,4129
甘肃省,1999,956.32,191.84,410.07,354.42,191.84,326.99,83.08,NA,107.15,NA,60.26,NA,43.07,26.73,117.21,3778
甘肃省,1998,887.67,202.76,373.43,311.48,202.76,311.25,62.17,NA,98.34,NA,52.2,NA,41.82,22.39,96.73,3541
甘肃省,1997,793.57,190.21,337.79,265.58,190.21,286.7,51.09,NA,89.54,NA,43.74,NA,35.78,15.86,80.66,3199
青海省,2016,2572.49,221.19,1249.98,1101.32,224.69,901.68,348.67,163.04,NA,94.99,NA,46.17,245.81,56.13,491.31,43531
青海省,2015,2417.05,208.93,1207.31,1000.81,212.2,893.87,313.81,154.78,NA,90.55,NA,43.27,220.87,53.59,434.09,41252
青海省,2014,2303.32,215.93,1234.31,853.08,219.03,954.27,280.43,150.64,NA,81.7,NA,37.3,175.21,48.96,355.78,39671
青海省,2013,2122.06,204.72,1151.28,766.06,207.59,912.68,238.97,139.08,NA,74.23,NA,34.42,145.23,46.21,323.65,36875
青海省,2012,1893.54,176.91,1092.34,624.29,176.91,895.89,196.45,109.44,NA,71.87,NA,21.39,83.73,31.41,306.45,33181
青海省,2011,1670.44,155.08,975.18,540.18,155.08,811.73,163.45,93.7,NA,67.53,NA,18.93,62.56,29.05,268.41,29522
青海省,2010,1350.43,134.92,744.63,470.88,134.92,613.65,130.98,81.44,NA,61.26,NA,16.3,54.53,25.41,231.94,24115
青海省,2009,1081.27,107.4,575.33,398.54,107.4,470.33,105,66.13,NA,49.32,NA,14.54,45.63,23.05,199.87,19454
青海省,2008,1018.62,105.57,557.12,355.93,105.57,468.6,88.52,55.82,NA,42.97,NA,13.73,36.54,19.96,186.91,18421
青海省,2007,797.35,83.41,419.03,294.91,83.41,344.52,74.51,45.67,NA,40.59,NA,12.33,27.67,16.98,151.67,14507
青海省,2006,648.5,67.55,331.91,249.04,67.55,265.12,66.79,39.1,NA,34.92,NA,11.11,23.69,15.17,125.05,11753
青海省,2005,543.32,65.34,264.61,213.37,65.34,203.94,60.67,35.63,NA,31.88,NA,9.38,20.36,14.1,102.02,10045
青海省,2004,466.1,60.7,211.7,193.7,60.7,153.5,58.2,31.5,NA,30,NA,8.6,19,13,91.6,8693
青海省,2003,390.2,48.47,171.92,169.81,48.47,117.18,54.74,NA,33.3,NA,38.91,NA,17.98,11.41,68.21,7346
青海省,2002,340.65,47.31,144.51,148.83,47.31,97.48,47.03,NA,29.29,NA,32.35,NA,16.75,9.74,60.7,6478
青海省,2001,300.13,44.74,125.09,130.3,44.74,87.02,38.07,NA,26.25,NA,26.72,NA,16.1,7.4,53.83,5774
青海省,2e3,263.68,40.12,108.83,114.73,40.12,78.8,30.03,NA,23.98,NA,21.84,NA,16.98,6.53,45.4,5138
青海省,1999,239.38,42.03,94.03,103.32,42.03,68.63,25.4,NA,21.66,NA,18.15,NA,18.7,5.39,39.42,4728
青海省,1998,220.92,42.94,85.44,92.54,42.94,62.4,23.04,NA,20.49,NA,15.06,NA,19.23,4.25,33.51,4426
青海省,1997,202.79,41.8,76.63,84.36,41.8,56.9,19.73,NA,19.04,NA,13.16,NA,18.92,3.35,29.89,4122
宁夏回族自治区,2016,3168.59,241.6,1488.44,1438.55,256.27,1054.34,434.2,145.41,NA,205.75,NA,54.98,284.11,102.57,630.96,47194
宁夏回族自治区,2015,2911.77,237.76,1379.6,1294.41,252.4,979.72,399.98,136.97,NA,200.66,NA,51.31,256.38,97.05,538.02,43805
宁夏回族自治区,2014,2752.1,216.99,1341.24,1193.87,229.51,973.53,368.37,139.07,NA,198.92,NA,47.74,230.16,114.28,450.39,41834
宁夏回族自治区,2013,2577.57,210.81,1259.59,1107.17,222.28,933.12,327.11,133.77,NA,198.39,NA,44.16,206.34,104.05,408.35,39613
宁夏回族自治区,2012,2341.29,199.4,1159.37,982.52,199.4,878.63,280.74,124.66,NA,196.49,NA,42.67,167.48,87.51,363.71,36394
宁夏回族自治区,2011,2102.21,184.14,1056.15,861.92,184.14,816.79,239.36,109.99,NA,174.1,NA,37.15,134.18,79.01,327.49,33043
宁夏回族自治区,2010,1689.65,159.29,827.91,702.45,159.29,643.05,184.86,89.5,NA,145.17,NA,31,97.87,60.53,278.38,26860
宁夏回族自治区,2009,1353.31,127.25,662.32,563.74,127.25,520.38,141.94,74.52,NA,114.77,NA,25.59,75.54,47.56,225.76,21777
宁夏回族自治区,2008,1203.92,118.94,609.98,475,118.94,506.98,103,70.34,NA,93.29,NA,22.55,64.8,38.85,185.17,19609
宁夏回族自治区,2007,919.11,97.89,455.04,366.18,97.89,376.71,78.33,54.64,NA,67.53,NA,17.12,51.05,29.49,146.35,15142
宁夏回族自治区,2006,725.9,79.54,351.58,294.78,79.54,287.55,64.03,43.67,NA,56.23,NA,13.54,36.99,25.53,118.82,11784
宁夏回族自治区,2005,612.61,72.07,281.05,259.49,72.07,228.37,52.68,40.65,NA,47.53,NA,11.54,32.25,22.97,104.55,10239
宁夏回族自治区,2004,537.11,65.33,244.05,227.73,65.33,197.55,46.5,34.53,NA,40.25,NA,10,27.92,20.78,94.25,9199
宁夏回族自治区,2003,445.36,55.63,194.27,195.46,55.63,151.22,43.05,NA,36.53,NA,49.97,NA,24.8,16.85,67.3,7734
宁夏回族自治区,2002,377.16,52.95,153.06,171.14,52.95,120.54,32.52,NA,32.25,NA,43.54,NA,21.45,13.46,60.44,6647
宁夏回族自治区,2001,337.44,49.67,135.89,151.89,49.67,106.82,29.06,NA,29.18,NA,37.04,NA,21.37,13.19,51.11,6039
宁夏回族自治区,2e3,295.02,46.03,121.43,127.56,46.03,96.7,24.73,NA,26.24,NA,29.55,NA,21.57,8.86,41.34,5376
宁夏回族自治区,1999,264.58,48.08,103.82,112.67,48.08,83.51,20.32,NA,24.33,NA,26.16,NA,20.47,7.01,34.7,4900
宁夏回族自治区,1998,245.44,48.75,95.11,101.58,48.75,78.33,16.78,NA,22.72,NA,22.17,NA,21.18,5.15,30.37,4607
宁夏回族自治区,1997,224.59,44.87,88.67,91.05,44.87,74.99,13.68,NA,20.87,NA,18.69,NA,21.96,3.94,25.59,4277
新疆维吾尔自治区,2016,9649.7,1648.97,3647.01,4353.72,1691.8,2677.63,1049.93,586.32,NA,567.54,NA,160.4,573.7,298.62,2043.76,40564
新疆维吾尔自治区,2015,9324.8,1559.08,3596.4,4169.32,1598.7,2740.71,959.03,523.58,NA,536.06,NA,155.62,563.8,285.38,1961.96,40036
新疆维吾尔自治区,2014,9273.46,1538.6,3948.96,3785.9,1574.6,3179.6,867.54,550.67,NA,480.44,NA,142.85,536.94,281.56,1659.26,40648
新疆维吾尔自治区,2013,8443.84,1434.83,3574.88,3434.13,1468.3,2925.74,750.33,559.01,NA,386.97,NA,130.43,473.57,286.29,1463.2,37553
新疆维吾尔自治区,2012,7505.31,1320.57,3481.56,2703.18,1320.57,2850.06,631.5,426.65,NA,357.9,NA,108.39,360.4,194.38,1255.46,33796
新疆维吾尔自治区,2011,6610.05,1139.03,3225.9,2245.12,1139.03,2700.2,525.7,371.9,NA,256.72,NA,77.87,288.77,176.22,1073.64,30087
新疆维吾尔自治区,2010,5437.47,1078.63,2592.15,1766.69,1078.63,2161.39,430.76,276.28,NA,222.47,NA,68.06,225.2,143.44,831.24,25034
新疆维吾尔自治区,2009,4277.05,759.74,1929.59,1587.72,759.74,1555.84,373.75,253.6,NA,209.1,NA,62.25,198.87,115.23,748.67,19942
新疆维吾尔自治区,2008,4183.21,691.07,2070.76,1421.38,691.07,1755.35,315.41,222.74,NA,191.84,NA,74.6,171.97,89.79,670.44,19797
新疆维吾尔自治区,2007,3523.16,628.72,1647.55,1246.89,628.72,1405.11,242.44,187.1,NA,177.28,NA,57.69,149.22,91.28,584.32,16999
新疆维吾尔自治区,2006,3045.26,527.8,1459.3,1058.16,527.8,1241.33,217.97,163.15,NA,165.6,NA,51.77,99.25,68.9,509.49,14871
新疆维吾尔自治区,2005,2604.19,509.99,1164.79,929.41,509.99,961.61,203.18,145.1,NA,149.63,NA,45.7,80.34,55.79,452.85,13108
新疆维吾尔自治区,2004,2209.09,461.26,914.47,833.36,461.26,734.1,180.37,130.49,NA,139.98,NA,41,70.3,53.55,398.04,11337
新疆维吾尔自治区,2003,1886.35,412.9,719.54,753.91,412.9,563.57,155.97,NA,141.32,NA,159.43,NA,64.92,47.84,340.4,9828
新疆维吾尔自治区,2002,1612.65,305,603.15,704.5,305,463.59,139.56,NA,123.88,NA,168.58,NA,52.18,43.04,316.82,8457
新疆维吾尔自治区,2001,1491.6,288.12,573.91,629.57,288.12,445.6,128.31,NA,118.45,NA,148.38,NA,48.53,35.29,278.92,7945
新疆维吾尔自治区,2e3,1363.56,288.18,537.58,537.8,288.18,418.63,118.95,NA,110.1,NA,148.63,NA,41.94,26.86,210.27,7372
新疆维吾尔自治区,1999,1163.17,268.51,420.48,474.18,268.51,315.86,104.62,NA,102.26,NA,129.6,NA,48.2,17.83,176.29,6443
新疆维吾尔自治区,1998,1106.95,291.05,395.75,420.15,291.05,298.53,97.22,NA,98.06,NA,106.87,NA,49.89,15.18,150.15,6174
新疆维吾尔自治区,1997,1039.85,279.73,385.37,374.75,279.73,302.5,82.87,NA,94.23,NA,85.7,NA,48.9,12.19,133.73,5848
